feature,mean_diff,std_diff,mae,q05,q50,q95
fou_000,-0.005584374535828829,0.0823100134730339,0.06971312314271927,-0.1340658813714981,0.004718698561191559,0.1235816553235054
fou_001,-0.013248838484287262,0.14545252919197083,0.12438420206308365,-0.24592360854148865,-0.02357901632785797,0.2126079499721527
fou_002,-0.005204019136726856,0.11571367084980011,0.09622053056955338,-0.18343199789524078,-0.007343575358390808,0.1737993061542511
fou_003,-0.009474534541368484,0.1129644438624382,0.08505833894014359,-0.19904649257659912,0.003607124090194702,0.15384377539157867
fou_004,-0.007515260949730873,0.14449027180671692,0.1195073053240776,-0.2578600347042084,0.008248761296272278,0.20951685309410095
fou_005,0.002252889797091484,0.08352638781070709,0.06677211076021194,-0.1593356430530548,0.01876451075077057,0.11041855067014694
fou_006,0.011629896238446236,0.13231836259365082,0.09933271259069443,-0.255606085062027,0.012752518057823181,0.24362003803253174
fou_007,-0.00026344822254031897,0.10816077142953873,0.09448471665382385,-0.16294685006141663,-0.0014781802892684937,0.1572706401348114
fou_008,0.000862222455907613,0.10964736342430115,0.08530634641647339,-0.20926761627197266,0.009243369102478027,0.17758601903915405
fou_009,0.0038319227751344442,0.08519429713487625,0.06917640566825867,-0.16423118114471436,0.01735028252005577,0.11493562906980515
fou_010,-8.481324039166793e-05,0.07711830735206604,0.06327681243419647,-0.13119283318519592,0.00880277156829834,0.11180002987384796
fou_011,0.0008519078837707639,0.07747083902359009,0.0634361207485199,-0.12805737555027008,-0.004702761769294739,0.11645843833684921
fou_012,-0.002182674128562212,0.08735323697328568,0.07184669375419617,-0.15385781228542328,0.012196265161037445,0.11535664647817612
fou_013,0.0010123953688889742,0.09993001818656921,0.08108522742986679,-0.17369312047958374,0.00561358779668808,0.14472046494483948
fou_014,-0.001876978320069611,0.06175600737333298,0.051239240914583206,-0.10387038439512253,0.003017909824848175,0.09499482810497284
fou_015,0.0010631344048306346,0.054485831409692764,0.043525580316782,-0.09155390411615372,0.006082378327846527,0.07758801430463791
fou_016,-0.003411594545468688,0.06658706814050674,0.052696164697408676,-0.12173011153936386,-0.0007927045226097107,0.08969472348690033
fou_017,0.002335159806534648,0.07928572595119476,0.06495171040296555,-0.15549612045288086,0.019859999418258667,0.10235290229320526
fou_018,0.0017883122200146317,0.0598832443356514,0.04802855849266052,-0.10224508494138718,0.0045457519590854645,0.09408789128065109
fou_019,0.0035819357726722956,0.05127826705574989,0.0406753271818161,-0.08415098488330841,0.008322544395923615,0.07809828221797943
fou_020,-0.00016914904699660838,0.048803411424160004,0.03934500738978386,-0.08223557472229004,0.0033868029713630676,0.07547863572835922
fou_021,-0.0007184339337982237,0.0540383979678154,0.04363138973712921,-0.09239701926708221,0.0031784996390342712,0.08055692166090012
fou_022,0.0008079628460109234,0.054589055478572845,0.04286566749215126,-0.10524582862854004,0.009324934333562851,0.07469384372234344
fou_023,-0.001033536158502102,0.061339154839515686,0.04925966635346413,-0.12455116957426071,0.007282625883817673,0.08091949671506882
fou_024,0.0002759914204943925,0.04659213125705719,0.037652820348739624,-0.07233583927154541,0.0012827739119529724,0.0725124403834343
fou_025,0.0033290141727775335,0.04799087718129158,0.03668418154120445,-0.07636921852827072,0.006430037319660187,0.07411612570285797
fou_026,-0.0009082402102649212,0.04703114181756973,0.037136029452085495,-0.08788392692804337,0.005868770182132721,0.06417939066886902
fou_027,0.0019222416449338198,0.050745557993650436,0.04006896913051605,-0.09210650622844696,0.006240367889404297,0.07063256204128265
fou_028,-0.00028069299878552556,0.051209308207035065,0.04004174843430519,-0.09754334390163422,0.007751595228910446,0.06968127191066742
fou_029,0.0037272286135703325,0.04356210306286812,0.035171497613191605,-0.07321429997682571,0.009045634418725967,0.06871775537729263
fou_030,-0.0020219378639012575,0.042937278747558594,0.03431093320250511,-0.07416925579309464,-0.0005855932831764221,0.06483998894691467
fou_031,-0.0027257457841187716,0.04277223348617554,0.033943623304367065,-0.0804632306098938,0.0011581704020500183,0.060586873441934586
fou_032,0.0031638634391129017,0.04593730345368385,0.03492779657244682,-0.08690868318080902,0.008711352944374084,0.06397690623998642
fou_033,0.0012831995263695717,0.04411599412560463,0.03521738201379776,-0.07947003841400146,0.009704284369945526,0.05996470898389816
fou_034,-0.0015146528603509068,0.04017876088619232,0.03267638012766838,-0.0713227242231369,-0.002903241664171219,0.060201071202754974
fou_035,0.002132139168679714,0.04160504788160324,0.03290047124028206,-0.07104350626468658,0.005888946354389191,0.06602104753255844
fou_036,0.0017946976004168391,0.04030879959464073,0.03258715569972992,-0.06580471247434616,0.003817003220319748,0.06163697689771652
fou_037,-0.0014889714075252414,0.04088341072201729,0.031258925795555115,-0.083350270986557,0.0038884133100509644,0.05092393234372139
fou_038,-0.00212185294367373,0.0423138253390789,0.03366158530116081,-0.08452098816633224,0.006616741418838501,0.05401892215013504
fou_039,0.0009620877099223435,0.04045373573899269,0.032795704901218414,-0.06979402154684067,0.0019175857305526733,0.06260183453559875
fou_040,-0.000153226254042238,0.03923420608043671,0.031248927116394043,-0.06894504278898239,0.004587523639202118,0.05454190820455551
fou_041,0.0013708478072658181,0.03551889583468437,0.027925506234169006,-0.06533511728048325,0.005591847002506256,0.05271139740943909
fou_042,0.0011170211946591735,0.03918856009840965,0.03125052899122238,-0.07357507944107056,0.005970153957605362,0.053510792553424835
fou_043,-0.004314550198614597,0.03966952860355377,0.030974626541137695,-0.08097317069768906,0.004035700112581253,0.04847554862499237
fou_044,-0.0023685460910201073,0.04199439287185669,0.03441626951098442,-0.07283153384923935,-3.4496188163757324e-06,0.059290867298841476
fou_045,-0.0008938717655837536,0.036889854818582535,0.02906941808760166,-0.07146893441677094,0.0032098405063152313,0.051815345883369446
fou_046,0.0014568030601367354,0.035876352339982986,0.02916085161268711,-0.05955149978399277,0.003875594586133957,0.05458174645900726
fou_047,0.0004424970247782767,0.03609105199575424,0.028460321947932243,-0.06690359860658646,0.007033262401819229,0.050210271030664444
fou_048,-0.00030654019792564213,0.04058278724551201,0.03272758796811104,-0.08014494925737381,0.0025711320340633392,0.06167814880609512
fou_049,0.0007778885774314404,0.038744304329156876,0.031021595001220703,-0.07328856736421585,0.004458021372556686,0.058708757162094116
fou_050,-0.0018303811084479094,0.04116632789373398,0.0327225886285305,-0.0822870209813118,0.005479615181684494,0.0542549192905426
fou_051,-0.0008365241228602827,0.04108387231826782,0.032981421798467636,-0.07137851417064667,0.004066444933414459,0.05416535586118698
fou_052,0.0023430800065398216,0.04070233181118965,0.03347744420170784,-0.06715954095125198,0.005822900682687759,0.06806468963623047
fou_053,-0.0012214097660034895,0.04529624432325363,0.0355883352458477,-0.08804702013731003,0.005436472594738007,0.058819837868213654
fou_054,-0.0017454208573326468,0.044904615730047226,0.03603367879986763,-0.08594631403684616,0.005207180976867676,0.0650535598397255
fou_055,-0.0016231801128014922,0.043526627123355865,0.035104576498270035,-0.08249926567077637,0.0037574321031570435,0.06310766935348511
fou_056,-0.0019054078729823232,0.05025459825992584,0.040787890553474426,-0.09476176649332047,0.002600051462650299,0.07210632413625717
fou_057,0.002975065726786852,0.04785366728901863,0.03932972997426987,-0.08780676871538162,0.008146554231643677,0.07316780835390091
fou_058,0.0007320533040910959,0.04651062935590744,0.03836749121546745,-0.08566035330295563,0.006538260728120804,0.0715554878115654
fou_059,-7.274567906279117e-05,0.05032120272517204,0.04079326242208481,-0.08777143061161041,0.009479105472564697,0.06412186473608017
fou_060,-0.0008666658541187644,0.05391427129507065,0.04418948292732239,-0.09233979135751724,0.0002130940556526184,0.07783966511487961
fou_061,0.0035103389527648687,0.04973819851875305,0.041117459535598755,-0.08605532348155975,0.00031597912311553955,0.07752374559640884
fou_062,0.0013492688303813338,0.057316578924655914,0.04558034986257553,-0.11295504122972488,0.008308816701173782,0.0779581069946289
fou_063,0.0027627646923065186,0.05670880526304245,0.04768533259630203,-0.10036218166351318,0.01113671064376831,0.0812482237815857
fou_064,-0.0010110673028975725,0.051343657076358795,0.040018096566200256,-0.09239907562732697,0.00206906720995903,0.08009412884712219
fou_065,0.0010708896443247795,0.06533106416463852,0.05203068628907204,-0.11182405054569244,0.005375377833843231,0.09268734604120255
fou_066,0.0012722223764285445,0.0664915218949318,0.055356141179800034,-0.11451009660959244,0.014723796397447586,0.09407614916563034
fou_067,-0.00590568408370018,0.06560584902763367,0.04998699575662613,-0.12320689111948013,1.720339059829712e-05,0.0900484099984169
fou_068,0.008461734279990196,0.08144239336252213,0.06842301040887833,-0.15271131694316864,0.023882605135440826,0.11461524665355682
fou_069,-0.010600689798593521,0.08488279581069946,0.07088436931371689,-0.13938617706298828,-0.010483913123607635,0.1214093491435051
fou_070,-0.004345501773059368,0.07832472771406174,0.06326603144407272,-0.14211678504943848,0.004912212491035461,0.10004623979330063
fou_071,-0.007471203804016113,0.08248049765825272,0.0682280957698822,-0.15368600189685822,0.00012161582708358765,0.11192826926708221
fou_072,-0.002409513108432293,0.09303157776594162,0.0796457901597023,-0.1487051546573639,-0.006762787699699402,0.13696999847888947
fou_073,-0.008960466831922531,0.11682109534740448,0.09999183565378189,-0.20492756366729736,-0.006879061460494995,0.18258851766586304
fou_074,-0.0016440380131825805,0.08465679734945297,0.06900471448898315,-0.16690592467784882,0.011929772794246674,0.10882510244846344
fou_075,-0.010481784120202065,0.11427194625139236,0.09546886384487152,-0.19935815036296844,0.0007928460836410522,0.15333248674869537
fac_000,-1.1837772130966187,68.04953002929688,56.812740325927734,-114.70082092285156,3.975799560546875,106.36256408691406
fac_001,-1.7387923002243042,75.19430541992188,62.31630325317383,-133.8262176513672,-1.763153076171875,115.79385375976562
fac_002,-6.280940055847168,112.80950927734375,92.09750366210938,-209.8116455078125,11.39453125,142.1566619873047
fac_003,0.4919070303440094,91.87120819091797,73.37298583984375,-175.64833068847656,17.94635009765625,125.67926788330078
fac_004,-2.171025037765503,45.58180618286133,34.273216247558594,-85.2099838256836,0.673095703125,67.07008361816406
fac_005,-7.712580680847168,62.20140838623047,43.751983642578125,-125.3746109008789,-2.81304931640625,97.63255310058594
fac_006,-0.0541749969124794,8.061511993408203,6.838917255401611,-13.44332504272461,0.4597454071044922,11.939709663391113
fac_007,0.05630340427160263,6.297844409942627,5.163223743438721,-10.97822380065918,0.41698551177978516,9.521516799926758
fac_008,0.43702080845832825,7.279777526855469,5.973408222198486,-12.553149223327637,0.8995761871337891,10.47079849243164
fac_009,-0.15309733152389526,3.778003454208374,3.1564550399780273,-6.489477634429932,-0.6806144714355469,6.125768661499023
fac_010,0.15586157143115997,3.586383819580078,2.8643555641174316,-5.433664798736572,0.052392005920410156,6.591601848602295
fac_011,0.0705050677061081,3.1403701305389404,2.5104568004608154,-5.594699382781982,-0.15734434127807617,5.0046844482421875
fac_012,-3.1233763694763184,60.24156951904297,49.95072937011719,-94.57901000976562,-4.5615386962890625,95.2313461303711
fac_013,-8.003911018371582,88.17161560058594,69.67533111572266,-153.66600036621094,-2.4457855224609375,123.68270111083984
fac_014,-7.0950927734375,79.928466796875,62.289031982421875,-153.7809600830078,-0.105621337890625,109.23863220214844
fac_015,-3.6294445991516113,68.94024658203125,52.95162582397461,-140.63815307617188,11.486846923828125,81.84587097167969
fac_016,-1.427564263343811,48.31048583984375,36.61833572387695,-80.5868911743164,-6.69073486328125,75.24713134765625
fac_017,0.5563375949859619,98.26982879638672,78.08332061767578,-125.38377380371094,-21.81549072265625,189.61204528808594
fac_018,-0.2198057919740677,7.2996697425842285,6.087230205535889,-13.248132705688477,0.8410272598266602,10.494377136230469
fac_019,0.19869782030582428,7.106510639190674,5.773380279541016,-11.450576782226562,0.6135196685791016,11.748069763183594
fac_020,-0.8590507507324219,7.002105236053467,5.597780704498291,-15.234027862548828,-0.4532470703125,8.88858699798584
fac_021,-0.27436894178390503,3.7226295471191406,2.9702844619750977,-6.294885158538818,-0.5180568695068359,6.022817134857178
fac_022,0.06340239197015762,3.2157044410705566,2.5895683765411377,-4.744836330413818,-0.19670963287353516,5.903388500213623
fac_023,-0.16261836886405945,3.569326639175415,2.7874109745025635,-6.1446638107299805,-0.15349960327148438,6.162154674530029
fac_024,-5.459224224090576,58.083030700683594,46.43678665161133,-94.1952133178711,-9.382415771484375,94.30631256103516
fac_025,-2.01640248298645,72.5881118774414,59.47052764892578,-120.1338882446289,1.6894149780273438,114.90267181396484
fac_026,-4.084204196929932,67.73252868652344,52.023956298828125,-118.84332275390625,6.977813720703125,92.46328735351562
fac_027,-1.6862900257110596,64.22161865234375,50.359188079833984,-119.30178833007812,4.372100830078125,92.9383316040039
fac_028,-4.172623634338379,75.61468505859375,63.87025833129883,-99.86639404296875,-24.252593994140625,139.73947143554688
fac_029,-4.846202373504639,64.3411636352539,50.77776336669922,-95.4033432006836,-15.86004638671875,110.52845001220703
fac_030,-0.22188350558280945,7.8390984535217285,6.351192474365234,-12.391037940979004,-0.4254188537597656,14.99390697479248
fac_031,0.06795027107000351,6.863023281097412,5.601010799407959,-10.714385032653809,0.2136974334716797,11.735727310180664
fac_032,-0.39728015661239624,8.385191917419434,7.162002086639404,-14.28109073638916,-0.8447666168212891,12.130561828613281
fac_033,0.053206201642751694,4.289565563201904,3.619856834411621,-6.626448631286621,-0.4197559356689453,7.582184791564941
fac_034,-0.5313668847084045,4.7461628913879395,4.1280436515808105,-8.45140552520752,-1.4664196968078613,7.415898323059082
fac_035,-0.17633068561553955,4.8998494148254395,4.079049110412598,-8.671445846557617,-0.37608814239501953,6.468976020812988
fac_036,7.2352705001831055,79.22514343261719,61.89704895019531,-138.0403289794922,9.876144409179688,146.57565307617188
fac_037,-4.811219215393066,82.38444519042969,67.7462387084961,-144.7479248046875,5.7435150146484375,118.12908172607422
fac_038,-10.111424446105957,91.94731903076172,73.031005859375,-170.55140686035156,6.321319580078125,115.30115509033203
fac_039,0.12261398136615753,84.81204986572266,67.48851013183594,-159.62884521484375,16.559295654296875,111.73501586914062
fac_040,-3.758524179458618,61.61846160888672,48.98518371582031,-74.86173248291016,-19.75994873046875,126.63711547851562
fac_041,-1.9141812324523926,77.42699432373047,63.181034088134766,-104.72296905517578,-20.372314453125,151.01727294921875
fac_042,0.23462429642677307,5.259847164154053,4.355116367340088,-8.608677864074707,0.062252044677734375,8.775910377502441
fac_043,-0.229383647441864,6.723221778869629,5.393676280975342,-11.007165908813477,-0.5453853607177734,11.9537353515625
fac_044,-0.5296499133110046,8.377726554870605,6.795347690582275,-13.260208129882812,-1.0655937194824219,13.068825721740723
fac_045,0.3763934373855591,4.18984842300415,3.3053033351898193,-6.8733601570129395,0.34149169921875,7.07841682434082
fac_046,0.4037927985191345,4.407581806182861,3.696587562561035,-6.28736686706543,-0.062010765075683594,7.734306335449219
fac_047,0.18365901708602905,4.140747547149658,3.372346878051758,-6.890252590179443,0.43376684188842773,6.936967372894287
fac_048,3.741737127304077,59.34012985229492,48.93943405151367,-101.69422912597656,12.015380859375,90.5059814453125
fac_049,-6.639349460601807,78.27897644042969,63.215919494628906,-149.80441284179688,0.9912338256835938,105.302978515625
fac_050,-6.863621711730957,92.16545104980469,73.07042694091797,-173.06785583496094,10.641326904296875,123.45936584472656
fac_051,-1.6212137937545776,80.72937774658203,63.85726547241211,-154.98220825195312,8.002227783203125,110.83917999267578
fac_052,-2.1943862438201904,70.86454010009766,56.931007385253906,-81.56993865966797,-23.047119140625,150.3815460205078
fac_053,-3.426936388015747,70.18831634521484,55.78996658325195,-97.60734558105469,-14.988311767578125,130.9177703857422
fac_054,0.2609582543373108,7.251279354095459,6.0313639640808105,-10.984519004821777,0.06718826293945312,13.197611808776855
fac_055,-0.6737446784973145,6.927115440368652,5.456988334655762,-10.709366798400879,-1.4179821014404297,12.59852123260498
fac_056,-0.465345561504364,8.432727813720703,7.215280532836914,-14.417511940002441,-0.8699865341186523,11.986701965332031
fac_057,0.1688118427991867,4.115511417388916,3.2960104942321777,-6.473600387573242,0.030628681182861328,6.818899631500244
fac_058,0.45555901527404785,4.479048728942871,3.715733051300049,-6.537482261657715,0.19054460525512695,7.896366119384766
fac_059,-0.060096655040979385,2.5672881603240967,1.8344897031784058,-4.50534725189209,0.07364845275878906,5.061087608337402
fac_060,-0.6116735935211182,53.51842498779297,41.98076629638672,-89.89083099365234,-0.0292510986328125,83.54069519042969
fac_061,-4.849472999572754,67.69803619384766,56.011695861816406,-117.177001953125,1.32220458984375,101.3214111328125
fac_062,-6.692419052124023,96.90204620361328,78.55892181396484,-179.5985565185547,10.49835205078125,113.55159759521484
fac_063,-0.48049241304397583,73.41142272949219,57.62678527832031,-120.41133117675781,3.259735107421875,105.14244079589844
fac_064,-1.207689642906189,79.99252319335938,66.60771179199219,-101.88626098632812,-23.213165283203125,151.5937957763672
fac_065,-3.1435484886169434,71.43622589111328,56.85056686401367,-105.34859466552734,-13.735382080078125,131.36607360839844
fac_066,0.5020396709442139,7.237496852874756,5.995724678039551,-10.917815208435059,0.07284355163574219,13.451974868774414
fac_067,-0.2740703523159027,6.292234420776367,5.244905948638916,-10.328265190124512,-0.3259553909301758,10.297745704650879
fac_068,0.28709179162979126,7.683593273162842,6.184322357177734,-14.16597843170166,1.3652935028076172,11.78381061553955
fac_069,0.20074619352817535,4.250468730926514,3.628955125808716,-5.928656578063965,-0.35259294509887695,7.08513879776001
fac_070,-0.11562719196081161,2.9897220134735107,2.2751305103302,-5.536131381988525,0.06773185729980469,4.797057628631592
fac_071,-0.09234578907489777,5.605266571044922,4.500052452087402,-10.039541244506836,0.0775909423828125,7.991418361663818
fac_072,-1.0127283334732056,51.3006591796875,41.171199798583984,-84.08757019042969,1.105224609375,86.48194885253906
fac_073,-9.642125129699707,74.23709106445312,58.895870208740234,-146.84046936035156,-2.689300537109375,93.26949310302734
fac_074,-6.021700382232666,83.62677001953125,63.933692932128906,-163.4359130859375,3.25714111328125,121.02571105957031
fac_075,-0.8253054618835449,81.80133819580078,66.07552337646484,-154.8544921875,14.694122314453125,104.8746337890625
fac_076,-0.3272169530391693,56.7337760925293,42.0647087097168,-83.0032958984375,-3.808685302734375,96.3486099243164
fac_077,2.063871383666992,105.31852722167969,86.47781372070312,-142.53497314453125,-19.921905517578125,196.826416015625
fac_078,-0.20269204676151276,7.365516662597656,5.8704705238342285,-14.160167694091797,0.808372974395752,10.558553695678711
fac_079,-0.4587526023387909,7.143004894256592,5.885371685028076,-12.986773490905762,-0.29729175567626953,10.307477951049805
fac_080,-0.5869864821434021,8.20059871673584,6.581667423248291,-13.523509979248047,-0.9202709197998047,12.683378219604492
fac_081,-0.20945821702480316,4.14277982711792,3.3254735469818115,-7.118781566619873,-0.15760183334350586,6.966075420379639
fac_082,-0.3150697946548462,3.0729095935821533,2.3951706886291504,-5.775586128234863,-0.1414647102355957,4.547516345977783
fac_083,-0.029685359448194504,3.446018934249878,2.934504985809326,-5.504433631896973,-0.12691354751586914,5.482562065124512
fac_084,0.2668634057044983,57.05118179321289,45.89875030517578,-87.40019226074219,-0.4691925048828125,94.84188079833984
fac_085,-3.697460651397705,97.38214874267578,74.23832702636719,-219.36224365234375,11.53472900390625,127.40227508544922
fac_086,-6.35626220703125,83.59449768066406,64.1033706665039,-163.27911376953125,2.44818115234375,118.13399505615234
fac_087,2.2441179752349854,95.41838073730469,77.25715637207031,-167.29171752929688,15.696258544921875,138.69363403320312
fac_088,0.28953033685684204,67.44474029541016,52.5406494140625,-102.23090362548828,-8.574615478515625,119.62919616699219
fac_089,1.7462170124053955,94.01399230957031,74.52608489990234,-125.99098205566406,-19.347015380859375,187.52845764160156
fac_090,-0.28198114037513733,7.182851791381836,5.910686016082764,-13.323461532592773,1.1859264373779297,9.664633750915527
fac_091,-0.10878008604049683,4.894217014312744,3.946587562561035,-6.950167179107666,-0.3873176574707031,9.346738815307617
fac_092,-0.3051581084728241,8.333327293395996,7.052289962768555,-12.542299270629883,-0.5356540679931641,13.755036354064941
fac_093,-0.315329372882843,4.614945888519287,4.005444526672363,-7.157021522521973,-0.3055419921875,6.941403388977051
fac_094,-0.17091968655586243,2.5408332347869873,2.047538995742798,-4.223066806793213,-0.29206275939941406,4.2930731773376465
fac_095,-0.12502282857894897,3.7439064979553223,2.928607702255249,-4.814619064331055,-1.0917048454284668,7.432585716247559
fac_096,3.7583703994750977,75.0392074584961,59.754764556884766,-119.04571533203125,1.78265380859375,124.38166046142578
fac_097,-7.31564998626709,83.98262023925781,67.74160766601562,-158.43975830078125,-1.2209625244140625,108.08572387695312
fac_098,-3.7907843589782715,62.898345947265625,50.328224182128906,-95.59440612792969,-11.35137939453125,105.36737823486328
fac_099,1.9318108558654785,105.7420654296875,85.95421600341797,-184.5359344482422,16.732757568359375,157.28692626953125
fac_100,-3.6912636756896973,47.8360710144043,37.022403717041016,-76.85001373291016,-7.77398681640625,81.37641143798828
fac_101,2.151275634765625,92.75249481201172,73.89818572998047,-122.37325286865234,-20.354705810546875,188.59765625
fac_102,0.031282488256692886,7.409370422363281,5.924525260925293,-11.839694023132324,0.44077491760253906,12.29181957244873
fac_103,0.3513491451740265,7.079375267028809,5.626840591430664,-13.508610725402832,0.9992704391479492,9.917198181152344
fac_104,-0.26570942997932434,8.48210334777832,7.189131259918213,-13.223661422729492,-0.8590106964111328,13.701201438903809
fac_105,0.007826595567166805,3.8881096839904785,3.171936273574829,-6.249919414520264,-0.2663578987121582,6.07515287399292
fac_106,0.38013485074043274,4.53759765625,3.632100820541382,-6.462767601013184,0.29842519760131836,9.046133995056152
fac_107,0.004429964814335108,3.193110942840576,2.658764123916626,-4.563168525695801,-0.6207094192504883,6.239675521850586
fac_108,5.789715766906738,72.83653259277344,59.5817756652832,-114.7303237915039,2.1526336669921875,118.2841796875
fac_109,-2.740009069442749,63.57362365722656,50.8049201965332,-109.16136169433594,-0.9238128662109375,100.2816162109375
fac_110,-8.87973690032959,122.57374572753906,100.58084106445312,-229.4588165283203,11.99072265625,148.2787628173828
fac_111,-1.7630915641784668,50.78645324707031,39.82583999633789,-67.32206726074219,-10.683837890625,100.43817901611328
fac_112,0.3781759738922119,70.07207489013672,55.057342529296875,-87.86385345458984,-17.425628662109375,137.79959106445312
fac_113,-7.101733207702637,65.54254150390625,49.479454040527344,-116.1766586303711,-8.607879638671875,110.34439086914062
fac_114,0.19417598843574524,8.090008735656738,6.670211315155029,-12.931249618530273,-0.6098270416259766,12.872393608093262
fac_115,-0.024387245997786522,4.523067474365234,3.5896551609039307,-6.596423149108887,-0.35957908630371094,7.848434925079346
fac_116,0.04440898820757866,8.045022010803223,6.630999565124512,-12.793270111083984,-0.7349338531494141,14.189464569091797
fac_117,-0.24720865488052368,3.395693063735962,2.895277500152588,-5.718552589416504,-0.1582169532775879,5.182619094848633
fac_118,0.5387353301048279,4.7154011726379395,3.984098434448242,-7.195367336273193,1.0081028938293457,7.672275066375732
fac_119,-0.01389110554009676,4.296078205108643,3.4819116592407227,-8.95466423034668,0.00944209098815918,5.742171764373779
fac_120,-0.15057861804962158,53.644927978515625,42.094566345214844,-81.980712890625,-6.090301513671875,93.82795715332031
fac_121,0.2497963011264801,70.10962677001953,55.041465759277344,-119.9773178100586,0.079132080078125,111.75597381591797
fac_122,-6.715249061584473,116.25990295410156,94.34159851074219,-212.8102569580078,10.897216796875,137.01071166992188
fac_123,-1.957854151725769,73.20355224609375,57.984031677246094,-127.8928451538086,2.026885986328125,99.99175262451172
fac_124,0.16646942496299744,71.02622985839844,56.9857063293457,-90.5561752319336,-13.5941162109375,133.96450805664062
fac_125,-2.1172704696655273,77.79737854003906,60.91556167602539,-124.7213134765625,-7.8909912109375,113.24059295654297
fac_126,0.157108873128891,8.14539623260498,6.642160415649414,-12.753018379211426,-0.3862123489379883,13.177255630493164
fac_127,-0.26712489128112793,4.817656517028809,3.871356248855591,-6.453404903411865,-0.46311187744140625,8.796611785888672
fac_128,0.5280635356903076,7.424459934234619,6.085034370422363,-12.152828216552734,1.4873371124267578,10.7109375
fac_129,-0.16899706423282623,4.264805793762207,3.467273473739624,-6.213462829589844,-0.7947068214416504,8.044818878173828
fac_130,-0.030243322253227234,2.6008009910583496,2.118825674057007,-3.999389171600342,-0.19240427017211914,4.308923721313477
fac_131,-0.20936763286590576,4.558890342712402,3.7704339027404785,-7.482079982757568,-0.4200477600097656,7.575216770172119
fac_132,-5.471680164337158,61.279239654541016,48.38206100463867,-114.53012084960938,-3.2704315185546875,90.60067749023438
fac_133,-5.423442840576172,66.6369857788086,53.32512664794922,-127.70108032226562,2.2798080444335938,93.69056701660156
fac_134,-7.750424861907959,121.18389129638672,99.09945678710938,-225.53219604492188,9.40606689453125,146.66018676757812
fac_135,-0.013342132791876793,86.71896362304688,69.67728424072266,-156.7484893798828,17.2335205078125,119.52694702148438
fac_136,-0.6532507538795471,61.53075408935547,48.16246032714844,-99.13485717773438,-5.381927490234375,101.35221862792969
fac_137,-4.663374900817871,67.23175811767578,55.221275329589844,-109.37879943847656,-10.00244140625,109.87088775634766
fac_138,-0.6407824754714966,6.537548542022705,5.3601837158203125,-11.778234481811523,0.3121023178100586,9.342071533203125
fac_139,0.07265619188547134,6.18953800201416,5.092861175537109,-10.495026588439941,0.36029720306396484,9.539318084716797
fac_140,0.08197349309921265,6.43837308883667,5.4085564613342285,-11.311942100524902,1.012289047241211,8.986300468444824
fac_141,-0.2012743204832077,4.384629726409912,3.590153694152832,-6.4506449699401855,-0.8858356475830078,8.460604667663574
fac_142,0.08164844661951065,3.2028322219848633,2.4901294708251953,-4.818569183349609,0.0035152435302734375,6.205453872680664
fac_143,-0.11305389553308487,4.6217474937438965,3.8075389862060547,-8.726179122924805,-0.30229854583740234,6.095154285430908
fac_144,-2.1418566703796387,51.683162689208984,42.253116607666016,-91.76498413085938,0.0041351318359375,77.13140869140625
fac_145,-6.9511308670043945,85.88955688476562,65.79830932617188,-177.13165283203125,2.7376708984375,122.52613830566406
fac_146,-6.460709095001221,102.19966125488281,83.06238555908203,-187.8245086669922,14.894378662109375,129.28561401367188
fac_147,2.3361964225769043,104.99079895019531,85.39643859863281,-184.60385131835938,17.696197509765625,154.3375244140625
fac_148,-0.7211573719978333,60.26738357543945,49.22488784790039,-85.72393035888672,-8.50689697265625,95.3316650390625
fac_149,-2.3394296169281006,73.4916763305664,59.15422058105469,-115.07176971435547,-10.711273193359375,122.88742065429688
fac_150,-0.5042460560798645,6.30391263961792,5.302474498748779,-10.984657287597656,0.7993488311767578,8.145341873168945
fac_151,0.3568299412727356,6.3380608558654785,5.181891918182373,-11.424479484558105,1.164952278137207,9.393169403076172
fac_152,0.033168334513902664,6.3821492195129395,5.287013053894043,-11.369882583618164,1.297248363494873,8.910123825073242
fac_153,-0.15092593431472778,3.7746291160583496,3.092258930206299,-5.852965354919434,-0.5605201721191406,6.076181888580322
fac_154,0.10610538721084595,3.2590675354003906,2.5506958961486816,-4.80217170715332,-0.2108321189880371,6.234299659729004
fac_155,-0.13435283303260803,3.743603229522705,2.871234655380249,-5.8376784324646,-0.5949130058288574,6.609646797180176
fac_156,-5.224458694458008,62.75680923461914,50.656532287597656,-108.78983306884766,-5.921051025390625,94.07433319091797
fac_157,-3.190155029296875,84.83942413330078,64.09806823730469,-169.09500122070312,4.29217529296875,118.95552062988281
fac_158,-3.2087202072143555,68.98785400390625,53.50691223144531,-125.6214599609375,2.70526123046875,95.51258850097656
fac_159,-1.2586946487426758,80.15589904785156,64.64118957519531,-152.9237518310547,14.422149658203125,100.96329498291016
fac_160,-0.5816754102706909,58.41007995605469,43.575279235839844,-87.51827239990234,-6.39154052734375,102.00144958496094
fac_161,3.426401376724243,109.90165710449219,85.16988372802734,-144.76585388183594,-19.38226318359375,219.666259765625
fac_162,-0.5088033080101013,8.036346435546875,6.336702823638916,-15.687521934509277,0.09275150299072266,11.412139892578125
fac_163,0.033158235251903534,6.263457298278809,5.181534290313721,-10.88297176361084,0.3326263427734375,9.849712371826172
fac_164,-0.1174711063504219,8.816720008850098,7.470853328704834,-14.8413724899292,-0.0754079818725586,12.976886749267578
fac_165,-0.05916459113359451,4.028072357177734,3.257432222366333,-6.518463134765625,-0.034372806549072266,6.541999816894531
fac_166,-0.5295447707176208,4.7394938468933105,4.129269599914551,-8.355907440185547,-1.5177268981933594,7.410613536834717
fac_167,-0.005202310159802437,2.547180652618408,1.9640313386917114,-4.1757659912109375,-0.12877225875854492,4.577596664428711
fac_168,-3.0294909477233887,62.181297302246094,48.30486297607422,-111.48412322998047,-3.9091033935546875,107.67002868652344
fac_169,-1.5024917125701904,83.72447204589844,64.3669204711914,-162.57688903808594,4.3986358642578125,121.9758529663086
fac_170,-6.425769805908203,91.29061889648438,72.93970489501953,-165.1593780517578,10.640533447265625,115.78825378417969
fac_171,0.24863815307617188,56.90289306640625,44.45718765258789,-99.24044036865234,4.50030517578125,87.95401000976562
fac_172,0.29350540041923523,81.38214874267578,62.41779708862305,-107.42790985107422,-17.968017578125,174.2793731689453
fac_173,-3.5384361743927,72.91161346435547,57.86847686767578,-100.86006164550781,-16.4959716796875,128.4106903076172
fac_174,-0.4701768755912781,8.561701774597168,6.720999717712402,-15.543060302734375,-0.2557668685913086,12.735557556152344
fac_175,0.12874837219715118,6.793260097503662,5.537096977233887,-11.347370147705078,-0.5852775573730469,11.321693420410156
fac_176,0.007312660105526447,8.545113563537598,7.061873912811279,-14.260902404785156,0.831756591796875,12.498943328857422
fac_177,-0.29269421100616455,2.9709651470184326,2.384873867034912,-4.764837265014648,-0.34815549850463867,5.396969318389893
fac_178,-0.46711504459381104,4.596584320068359,3.903517484664917,-7.643258094787598,-1.059922218322754,7.341144561767578
fac_179,-0.056558918207883835,5.153292179107666,4.2151198387146,-9.148253440856934,0.5641698837280273,7.600733280181885
fac_180,6.243769645690918,79.8710708618164,65.91436767578125,-126.51338195800781,9.988784790039062,126.0092544555664
fac_181,7.337523937225342,82.48141479492188,64.30867004394531,-121.73954772949219,3.737060546875,141.50070190429688
fac_182,-8.121451377868652,107.94950866699219,87.64801025390625,-202.177978515625,10.95953369140625,134.31845092773438
fac_183,0.7044201493263245,71.3946304321289,54.99184036254883,-111.54237365722656,-3.16839599609375,126.78123474121094
fac_184,-0.24738098680973053,83.7444076538086,67.63904571533203,-100.21944427490234,-22.338134765625,156.07078552246094
fac_185,-7.598745346069336,66.13661193847656,46.373138427734375,-134.31436157226562,-2.81640625,100.06217956542969
fac_186,0.06783070415258408,8.17427921295166,6.693647861480713,-12.78982925415039,-0.5486669540405273,13.09469985961914
fac_187,0.6171861886978149,7.415554046630859,5.713945388793945,-14.381650924682617,1.7720355987548828,10.102472305297852
fac_188,0.77704256772995,8.792680740356445,6.943527698516846,-12.864371299743652,0.3255882263183594,17.172460556030273
fac_189,-0.11813859641551971,3.7940196990966797,3.0743558406829834,-6.028056621551514,-0.3250923156738281,6.148542404174805
fac_190,0.5324296355247498,4.725592136383057,3.904038667678833,-7.311888694763184,0.7329263687133789,7.904041767120361
fac_191,-0.10372080653905869,5.409569263458252,4.355460166931152,-9.921581268310547,0.3752408027648926,7.335372447967529
fac_192,6.439899921417236,83.93712615966797,68.40614318847656,-129.62664794921875,8.912429809570312,142.19168090820312
fac_193,-1.462399959564209,99.18603515625,77.41394805908203,-193.60569763183594,10.05877685546875,147.32281494140625
fac_194,-4.092528820037842,86.75005340576172,68.83924102783203,-146.8014678955078,-10.721527099609375,141.69027709960938
fac_195,1.2793960571289062,94.09002685546875,75.48876190185547,-180.32403564453125,18.21832275390625,132.98876953125
fac_196,-2.6539926528930664,45.612762451171875,34.38493347167969,-85.61610412597656,0.20196533203125,64.98819732666016
fac_197,6.258580207824707,111.4435043334961,90.3121109008789,-144.6334686279297,-20.96600341796875,200.49508666992188
fac_198,-0.1161666288971901,8.558566093444824,7.181575775146484,-14.109262466430664,0.04009437561035156,13.459562301635742
fac_199,-0.053264617919921875,7.239663600921631,5.84884786605835,-14.726570129394531,0.9567947387695312,9.53394889831543
fac_200,-0.39452823996543884,8.384529113769531,7.129321098327637,-12.922038078308105,-0.8252716064453125,13.276086807250977
fac_201,-0.060747090727090836,3.8481826782226562,3.059364080429077,-6.5716233253479,0.20518875122070312,5.902902126312256
fac_202,0.3049112558364868,4.301853656768799,3.4527804851531982,-6.516163349151611,-0.20797252655029297,8.48038101196289
fac_203,0.0527152344584465,2.6535658836364746,2.140028953552246,-4.478246688842773,0.01872110366821289,4.4142279624938965
fac_204,1.7510751485824585,57.35933303833008,46.51020431518555,-86.85491180419922,-0.2436676025390625,93.46879577636719
fac_205,-6.236891269683838,68.9969253540039,54.71098709106445,-126.81263732910156,5.9454345703125,89.96546173095703
fac_206,-4.552603244781494,113.23595428466797,92.86662292480469,-208.2705535888672,12.7210693359375,142.65478515625
fac_207,-0.12228637933731079,96.66114044189453,78.56086730957031,-173.16845703125,16.050506591796875,131.7457275390625
fac_208,-4.74639892578125,50.10869598388672,37.4489860534668,-90.59063720703125,-4.4095458984375,80.00643920898438
fac_209,-9.010296821594238,74.49064636230469,56.40242004394531,-127.54168701171875,-6.97479248046875,109.3702392578125
fac_210,0.14517176151275635,4.927279472351074,3.90234375,-7.907059669494629,0.3292245864868164,8.278152465820312
fac_211,-0.11172893643379211,6.8414154052734375,5.572826385498047,-8.821264266967773,-1.2923707962036133,12.522806167602539
fac_212,-0.3432871699333191,5.330907821655273,4.128668308258057,-9.237798690795898,-0.48578834533691406,7.752907752990723
fac_213,-0.23124746978282928,2.4349658489227295,1.9793410301208496,-4.333611011505127,-0.29488563537597656,3.678229331970215
fac_214,-0.02829592488706112,1.8861232995986938,1.5195059776306152,-2.847111940383911,-0.29903411865234375,3.259453058242798
fac_215,-0.10546080768108368,3.7827186584472656,2.948953866958618,-4.814144611358643,-0.9882540702819824,8.057863235473633
kar_000,0.27483150362968445,4.397407054901123,3.7321441173553467,-6.973909378051758,0.40673401951789856,6.859757423400879
kar_001,0.17047002911567688,5.092922210693359,4.069673538208008,-7.79042911529541,0.024842888116836548,8.932867050170898
kar_002,-0.4431375563144684,4.598155498504639,3.713057279586792,-7.600002765655518,-0.83756023645401,8.30051326751709
kar_003,-0.23540407419204712,5.1622314453125,4.26673698425293,-9.704394340515137,0.5614596009254456,8.100845336914062
kar_004,0.1525665819644928,3.451990842819214,2.8404340744018555,-5.605139255523682,0.39421653747558594,5.530857563018799
kar_005,-0.23896794021129608,3.5103812217712402,2.8330981731414795,-5.931369304656982,-0.09602028131484985,5.348249435424805
kar_006,-0.03626802936196327,3.4047906398773193,2.703139305114746,-5.444671630859375,0.10448819398880005,5.234629154205322
kar_007,-0.0722406804561615,3.1888785362243652,2.624845027923584,-5.387609481811523,-0.27220582962036133,5.0647873878479
kar_008,-0.18916675448417664,3.874596118927002,2.97676944732666,-7.306015968322754,0.12230479717254639,5.418557167053223
kar_009,-0.14524801075458527,3.3758647441864014,2.712064266204834,-5.610857963562012,0.06327295303344727,5.0474724769592285
kar_010,0.3062816858291626,3.4481561183929443,2.793670415878296,-5.763642311096191,0.6704030632972717,5.891464710235596
kar_011,-0.019083227962255478,3.062234878540039,2.4953253269195557,-4.956142902374268,0.04428035020828247,4.940018177032471
kar_012,-0.03202957659959793,2.3986546993255615,1.8602569103240967,-3.816404342651367,-0.25344303250312805,4.297532081604004
kar_013,0.029715444892644882,2.756972312927246,2.178858995437622,-4.501748085021973,0.22517825663089752,4.676016807556152
kar_014,-0.15102609992027283,2.3763275146484375,1.8822804689407349,-4.054606914520264,0.03580206632614136,3.489870548248291
kar_015,0.21593740582466125,2.6440227031707764,2.1129589080810547,-4.055044651031494,0.19420146942138672,4.342535495758057
kar_016,0.2440473586320877,2.4120376110076904,1.9121055603027344,-3.607172727584839,0.08534330129623413,4.455483436584473
kar_017,-0.03908829391002655,2.122617244720459,1.7076278924942017,-3.445769786834717,-0.1138533353805542,3.2967708110809326
kar_018,0.03493378311395645,2.361570119857788,1.9360328912734985,-3.371401309967041,-0.016230523586273193,3.9353365898132324
kar_019,-0.016573358327150345,2.1392807960510254,1.7267085313796997,-3.888169288635254,0.13469073176383972,3.3395378589630127
kar_020,-0.09663806855678558,2.189941167831421,1.7883203029632568,-3.335428237915039,-0.17371398210525513,3.594223737716675
kar_021,-0.12533125281333923,2.1435935497283936,1.7093141078948975,-3.4142558574676514,-0.24963992834091187,3.799541473388672
kar_022,0.009838351979851723,2.371744394302368,1.8623007535934448,-3.535604953765869,-0.14117875695228577,3.8985376358032227
kar_023,-0.07502724975347519,1.7799750566482544,1.4360617399215698,-3.1297967433929443,-0.038913242518901825,2.761644124984741
kar_024,-0.07925090938806534,2.156780958175659,1.720220685005188,-3.3495073318481445,-0.18481126427650452,3.5942444801330566
kar_025,0.18944740295410156,1.9919992685317993,1.589219093322754,-2.640998125076294,-0.024162381887435913,3.9599497318267822
kar_026,-0.17369501292705536,1.812283992767334,1.4366672039031982,-3.0481197834014893,-0.14307206869125366,2.7195491790771484
kar_027,0.07371333241462708,2.1136951446533203,1.7224395275115967,-3.3341596126556396,0.1502004861831665,3.709019899368286
kar_028,0.045610494911670685,1.428214192390442,1.1302299499511719,-2.271613121032715,0.023046381771564484,2.3516550064086914
kar_029,-0.012842902913689613,1.6724103689193726,1.27178955078125,-2.5697216987609863,-0.11668330430984497,3.0181949138641357
kar_030,0.16327621042728424,1.571759581565857,1.269280195236206,-2.632880926132202,0.22411420941352844,2.6770074367523193
kar_031,0.10056545585393906,1.5051629543304443,1.1908804178237915,-2.573190450668335,0.16488228738307953,2.4579179286956787
kar_032,0.06752534210681915,1.5711206197738647,1.2398990392684937,-2.397830009460449,0.05107683315873146,2.689823627471924
kar_033,-0.010002863593399525,1.5746777057647705,1.2268909215927124,-2.4235708713531494,0.024397671222686768,2.6682469844818115
kar_034,-0.16860800981521606,1.496404767036438,1.2139111757278442,-2.689380645751953,-0.2252417504787445,2.1259782314300537
kar_035,-0.07996885478496552,1.7947252988815308,1.4096095561981201,-3.2458109855651855,0.10563299059867859,2.6655569076538086
kar_036,-0.010350597091019154,1.3059111833572388,1.0398130416870117,-2.1553525924682617,0.05885055661201477,2.097726583480835
kar_037,0.016281060874462128,1.5347718000411987,1.240299940109253,-2.5343828201293945,0.027323558926582336,2.5945534706115723
kar_038,0.05468911677598953,1.3854187726974487,1.1166383028030396,-2.129671573638916,0.03978007286787033,2.4215195178985596
kar_039,0.08533638715744019,1.3356668949127197,1.057387113571167,-2.242676258087158,0.05742233246564865,2.291640043258667
kar_040,0.09345930069684982,1.1665749549865723,0.9413595795631409,-1.7510086297988892,0.15781137347221375,1.9705383777618408
kar_041,0.028310324996709824,1.420284628868103,1.1437714099884033,-2.2301974296569824,-0.026150144636631012,2.4002785682678223
kar_042,0.17363965511322021,1.527852177619934,1.21645188331604,-2.2325351238250732,0.1381533145904541,2.8676791191101074
kar_043,0.08914864808320999,1.4101471900939941,1.1111249923706055,-2.316279172897339,0.1370517909526825,2.2251851558685303
kar_044,-0.022656835615634918,1.2775206565856934,1.0145798921585083,-2.0270962715148926,-0.08324120938777924,1.9845795631408691
kar_045,0.0067161740735173225,1.0083225965499878,0.8051134347915649,-1.5537891387939453,-0.013178875669836998,1.6620128154754639
kar_046,0.04943472892045975,1.1350916624069214,0.8977746367454529,-1.7796311378479004,0.051815178245306015,1.9045652151107788
kar_047,-0.09173218905925751,1.0530532598495483,0.8360522389411926,-1.7174885272979736,-0.15094216167926788,1.7594003677368164
kar_048,0.03520695120096207,1.2309449911117554,0.9655982851982117,-2.038914918899536,0.09355777502059937,2.060624837875366
kar_049,0.0004998373915441334,1.0082675218582153,0.8136395215988159,-1.6063575744628906,0.009345218539237976,1.5118333101272583
kar_050,-0.036799781024456024,1.053419589996338,0.8233745098114014,-1.7987552881240845,-0.029774252325296402,1.6310597658157349
kar_051,-0.01863854192197323,1.2238324880599976,0.9743896722793579,-2.036705732345581,0.0481145977973938,1.9959017038345337
kar_052,-0.014238890260457993,1.0409479141235352,0.8355342149734497,-1.6851997375488281,0.031741052865982056,1.6042335033416748
kar_053,0.003392500802874565,1.0491547584533691,0.8170108199119568,-1.7880560159683228,-0.0040922611951828,1.7181016206741333
kar_054,-0.048208098858594894,0.9954003691673279,0.7981203198432922,-1.706216812133789,-0.03136536478996277,1.5854874849319458
kar_055,0.005523962900042534,1.096919059753418,0.8930307626724243,-1.8137273788452148,0.0471377857029438,1.8225759267807007
kar_056,0.03868010640144348,0.9332610368728638,0.7497180104255676,-1.4421120882034302,0.0955701470375061,1.5436980724334717
kar_057,-0.10898086428642273,1.0068645477294922,0.8074898719787598,-1.6335755586624146,-0.09336936473846436,1.5573148727416992
kar_058,0.061840079724788666,0.9115532636642456,0.7368641495704651,-1.39505934715271,0.05459779500961304,1.6649795770645142
kar_059,-0.08962363004684448,1.012874722480774,0.801891028881073,-1.7710317373275757,-0.027178727090358734,1.5589243173599243
kar_060,0.03855305165052414,0.9422013759613037,0.7495752573013306,-1.4883089065551758,0.01889760047197342,1.6279927492141724
kar_061,0.0059333969838917255,0.8685726523399353,0.6878221035003662,-1.4550241231918335,0.014225948601961136,1.3408758640289307
kar_062,-0.0008516120724380016,0.8883589506149292,0.7121980786323547,-1.4848333597183228,-0.02972123771905899,1.3894721269607544
kar_063,0.02473836950957775,0.9828141927719116,0.7886443138122559,-1.682548999786377,0.0032793283462524414,1.5429917573928833
pix_000,-0.010859064757823944,1.1858408451080322,0.7457907199859619,-2.726529121398926,0.3277604281902313,0.8233700394630432
pix_001,-0.07453286647796631,1.9238206148147583,1.5611480474472046,-4.243354797363281,0.8360443115234375,1.5535755157470703
pix_002,-0.12403396517038345,2.247101068496704,2.029934883117676,-4.015533447265625,1.0284940004348755,2.313384532928467
pix_003,-0.1327325403690338,2.3139686584472656,2.122204542160034,-3.4095284938812256,-0.4632061719894409,2.8816606998443604
pix_004,0.04266626387834549,2.270854949951172,2.0003180503845215,-2.7196671962738037,-0.5717759132385254,3.48677396774292
pix_005,0.06282834708690643,2.0960867404937744,1.7382022142410278,-2.177682399749756,-0.16752028465270996,3.8734755516052246
pix_006,-0.015852607786655426,1.9334906339645386,1.5768433809280396,-1.8791738748550415,-0.6089980602264404,3.9153223037719727
pix_007,-0.20244170725345612,1.8442434072494507,1.5373492240905762,-1.9226641654968262,-0.8078172206878662,3.8879101276397705
pix_008,-0.2638873755931854,1.8470014333724976,1.5429309606552124,-1.9291869401931763,-1.0831093788146973,3.9565751552581787
pix_009,-0.2377033680677414,1.9689167737960815,1.6981791257858276,-2.282390594482422,-0.9043543338775635,3.6535892486572266
pix_010,-0.09324413537979126,2.0845768451690674,1.804122805595398,-2.764238119125366,-0.4570584297180176,3.4419987201690674
pix_011,-0.08348008990287781,2.1928961277008057,1.981387972831726,-3.475926399230957,-0.38079166412353516,3.1472058296203613
pix_012,-0.015788918361067772,2.094836711883545,1.8762813806533813,-3.631382942199707,1.0738651752471924,2.5160019397735596
pix_013,-0.028272617608308792,1.8341504335403442,1.5085701942443848,-3.8532114028930664,0.7583124041557312,1.716446876525879
pix_014,-0.06575729697942734,1.1879183053970337,0.7311878204345703,-2.8139100074768066,0.28648942708969116,0.7164786458015442
pix_015,-0.030075404793024063,1.7794115543365479,1.3793851137161255,-4.12558650970459,0.6903088092803955,1.429744839668274
pix_016,-0.12320565432310104,2.494699716567993,2.3123836517333984,-3.793405294418335,0.36225831508636475,2.8586459159851074
pix_017,-0.022061815485358238,2.5556936264038086,2.383413314819336,-2.5616931915283203,-1.367037057876587,3.8292977809906006
pix_018,0.06314628571271896,2.3297176361083984,2.0284969806671143,-2.055988311767578,-1.3425180912017822,4.366509914398193
pix_019,0.005163998808711767,2.0309510231018066,1.6120977401733398,-1.5528615713119507,-0.9650263786315918,4.638937473297119
pix_020,0.0005847668508067727,1.8400347232818604,1.3251800537109375,-1.1639868021011353,-0.8141756057739258,4.828141689300537
pix_021,-0.050620440393686295,1.5961189270019531,1.1269538402557373,-1.2587589025497437,-0.6536655426025391,4.674661636352539
pix_022,0.0017163562588393688,1.550794005393982,0.999011218547821,-1.274949312210083,-0.5248792171478271,4.618281841278076
pix_023,0.07117808610200882,1.5801737308502197,0.9930038452148438,-1.3549740314483643,-0.4434010982513428,4.380474090576172
pix_024,0.07750360667705536,1.643656849861145,1.1117236614227295,-1.3834612369537354,-0.5073153972625732,4.085524082183838
pix_025,0.12737007439136505,1.830493450164795,1.3481472730636597,-1.235437035560608,-0.6127047538757324,4.360908508300781
pix_026,0.11368955671787262,2.1153318881988525,1.803206443786621,-1.8172472715377808,-0.9057493209838867,4.195472717285156
pix_027,0.09477628022432327,2.300086736679077,2.1221139430999756,-2.701402425765991,-0.992713451385498,3.7668018341064453
pix_028,0.1659572273492813,2.277697801589966,2.0985329151153564,-3.4076008796691895,1.1601618528366089,2.9673519134521484
pix_029,-0.03045978955924511,1.8074612617492676,1.4106258153915405,-3.9892334938049316,0.6647791266441345,1.493398666381836
pix_030,-0.07035071402788162,1.9762437343597412,1.5920742750167847,-4.540726661682129,0.9820418953895569,1.5151219367980957
pix_031,-0.054981451481580734,2.6283373832702637,2.4836924076080322,-3.208425998687744,0.02875339984893799,3.109100818634033
pix_032,-0.005848932079970837,2.5390584468841553,2.3671932220458984,-2.4360203742980957,-1.6353378295898438,3.8519794940948486
pix_033,0.00890635047107935,2.3305726051330566,2.0655553340911865,-2.0438332557678223,-1.2917108535766602,4.146867275238037
pix_034,0.006296434439718723,2.2412900924682617,1.968766212463379,-1.944962739944458,-1.1941752433776855,4.110179901123047
pix_035,0.1474982053041458,2.2841622829437256,2.0089118480682373,-2.0885119438171387,-0.8963096141815186,4.08845329284668
pix_036,0.18756240606307983,2.4200258255004883,2.21042537689209,-2.277188539505005,-0.26417624950408936,3.7978649139404297
pix_037,0.05311407893896103,2.3807270526885986,2.173997402191162,-2.416163444519043,-0.6234592199325562,3.8025619983673096
pix_038,0.022927260026335716,2.328087568283081,2.1079092025756836,-2.472376585006714,-1.4859678745269775,4.019239902496338
pix_039,0.031033944338560104,2.184190273284912,1.915742039680481,-2.05320143699646,-1.0228874683380127,4.106807708740234
pix_040,0.10051999986171722,2.0440728664398193,1.7464842796325684,-1.7459039688110352,-0.9699959754943848,4.181720733642578
pix_041,-0.08083166182041168,2.0573549270629883,1.8337488174438477,-2.0395398139953613,-1.1405563354492188,3.868623971939087
pix_042,-0.021914491429924965,2.2988808155059814,2.1457953453063965,-2.487985134124756,-1.1361582279205322,3.640612840652466
pix_043,-0.00981280580163002,2.3673887252807617,2.2148470878601074,-3.5871329307556152,1.1148931980133057,2.7927052974700928
pix_044,-0.05302596092224121,1.8284893035888672,1.3775436878204346,-4.607184410095215,0.7415347099304199,1.3934999704360962
pix_045,-0.0700942724943161,2.1216564178466797,1.7539361715316772,-4.501684188842773,1.121530532836914,1.5781850814819336
pix_046,-0.04390804469585419,2.6778438091278076,2.56675386428833,-3.2670185565948486,-0.002477288246154785,3.054609537124634
pix_047,-0.054810862988233566,2.610023021697998,2.477583885192871,-2.7251057624816895,-1.513270378112793,3.6496834754943848
pix_048,0.06989183276891708,2.482238531112671,2.2549471855163574,-2.3977367877960205,-1.1764769554138184,3.9296460151672363
pix_049,0.15380536019802094,2.457395315170288,2.2395176887512207,-2.7333321571350098,-0.6262774467468262,3.776423931121826
pix_050,0.2230224758386612,2.508648157119751,2.35376238822937,-3.395059108734131,1.391674518585205,3.038480281829834
pix_051,0.01891878992319107,2.483398675918579,2.316856622695923,-3.657167673110962,1.4154713153839111,2.5080177783966064
pix_052,0.060490455478429794,2.5449724197387695,2.413895845413208,-3.4481592178344727,1.548000693321228,2.6093926429748535
pix_053,-0.019583044573664665,2.6176207065582275,2.4747087955474854,-3.3852219581604004,0.9580898284912109,3.0126702785491943
pix_054,-0.13161034882068634,2.558668851852417,2.4122121334075928,-3.4313008785247803,-0.6714338064193726,3.5531086921691895
pix_055,-0.1281670331954956,2.294825553894043,2.1241157054901123,-2.517259359359741,-1.1591554880142212,3.5896782875061035
pix_056,-0.1419961154460907,2.2611565589904785,2.1160552501678467,-2.360746145248413,-1.4783358573913574,3.683377742767334
pix_057,-0.17305494844913483,2.4223761558532715,2.329643487930298,-2.7679624557495117,-1.4739396572113037,3.3217387199401855
pix_058,-0.034228939563035965,2.4863991737365723,2.316377639770508,-3.4927384853363037,1.1102092266082764,2.7494847774505615
pix_059,-0.10257076472043991,1.9948773384094238,1.5397579669952393,-4.707576274871826,0.8768528699874878,1.3540518283843994
pix_060,0.061585310846567154,2.0180928707122803,1.698329210281372,-4.420198440551758,1.1157890558242798,1.607203722000122
pix_061,0.0537826307117939,2.636749744415283,2.51531720161438,-3.1432907581329346,0.1274951696395874,3.0975124835968018
pix_062,0.015057496726512909,2.5380914211273193,2.3739631175994873,-2.615351438522339,-1.3399534225463867,3.7126379013061523
pix_063,0.0405132919549942,2.36830472946167,2.1072113513946533,-2.292919635772705,-1.1035934686660767,4.061741828918457
pix_064,0.24779607355594635,2.47691011428833,2.2547943592071533,-2.5590600967407227,-0.774010181427002,4.232759475708008
pix_065,0.3303774297237396,2.4640135765075684,2.319920539855957,-2.991615056991577,1.0253065824508667,3.230222225189209
pix_066,0.02552223391830921,2.518946886062622,2.3944382667541504,-3.290022134780884,1.2619998455047607,2.8851165771484375
pix_067,0.04967304319143295,2.5501039028167725,2.425766706466675,-3.2473037242889404,1.4027745723724365,2.8139455318450928
pix_068,0.0982951745390892,2.5617003440856934,2.4196224212646484,-3.290491819381714,0.7105526924133301,3.3098533153533936
pix_069,0.034204598516225815,2.446230411529541,2.263468027114868,-3.1578052043914795,-0.5540670156478882,3.81579852104187
pix_070,-0.040049973875284195,2.20579195022583,2.020253896713257,-2.5218756198883057,-1.0138623714447021,3.745603084564209
pix_071,-0.18090996146202087,2.1583144664764404,1.9931879043579102,-2.2844398021698,-1.353311538696289,3.7618942260742188
pix_072,-0.08442525565624237,2.4285213947296143,2.3137199878692627,-2.7094292640686035,-1.5311771631240845,3.3368916511535645
pix_073,-0.07134807854890823,2.518486738204956,2.346320152282715,-3.4783928394317627,1.132131576538086,2.7109951972961426
pix_074,-0.061519116163253784,1.9756104946136475,1.5313317775726318,-4.7662034034729,0.9995249509811401,1.2411463260650635
pix_075,-0.004655289463698864,1.8540796041488647,1.4707427024841309,-4.72390079498291,0.9202697277069092,1.2543439865112305
pix_076,0.10880176723003387,2.5694868564605713,2.44122576713562,-3.22428822517395,0.45744383335113525,3.034710645675659
pix_077,0.04739013686776161,2.4882607460021973,2.323972702026367,-2.5298655033111572,-1.3215446472167969,3.7723488807678223
pix_078,0.0326574482023716,2.230769634246826,1.9639941453933716,-2.234320878982544,-1.0362122058868408,4.161423683166504
pix_079,0.20297662913799286,2.3021857738494873,2.016089677810669,-2.1677539348602295,-1.1155266761779785,4.605386257171631
pix_080,0.30504095554351807,2.4527220726013184,2.2793209552764893,-2.444098949432373,-0.3431133031845093,3.823301315307617
pix_081,0.16573768854141235,2.5810258388519287,2.4727776050567627,-2.7575666904449463,0.18727779388427734,3.4454598426818848
pix_082,0.11295045912265778,2.5934932231903076,2.491598129272461,-2.9890198707580566,0.5696430206298828,3.4361276626586914
pix_083,0.10636761039495468,2.5459392070770264,2.3929567337036133,-3.0660958290100098,-0.5267183780670166,4.010387420654297
pix_084,0.10172855108976364,2.2697386741638184,2.050161123275757,-2.6531009674072266,-0.9079885482788086,4.18980073928833
pix_085,-0.06824357807636261,2.0981667041778564,1.8532817363739014,-2.0889837741851807,-1.0889358520507812,3.984865427017212
pix_086,-0.19063887000083923,1.9952983856201172,1.7917362451553345,-1.8595184087753296,-1.290006160736084,4.0744805335998535
pix_087,-0.1501937061548233,2.2972097396850586,2.1568310260772705,-2.3050169944763184,-1.7346217632293701,3.6861369609832764
pix_088,-0.08540664613246918,2.402186155319214,2.213688850402832,-3.326554536819458,0.9756208658218384,2.673509359359741
pix_089,-0.02732132002711296,1.8507686853408813,1.3767104148864746,-4.813833713531494,0.8552863597869873,1.138084888458252
pix_090,-0.04519258439540863,1.7741360664367676,1.306982398033142,-4.869170665740967,0.8155297040939331,1.0576008558273315
pix_091,0.06365252286195755,2.4971959590911865,2.3393256664276123,-3.5166425704956055,1.2738184928894043,2.8686349391937256
pix_092,0.09031282365322113,2.3819847106933594,2.1951088905334473,-2.7799835205078125,-1.1935738325119019,3.7507858276367188
pix_093,0.02785591036081314,2.057537794113159,1.7736870050430298,-2.2690320014953613,-0.8438458442687988,3.912943124771118
pix_094,0.191533625125885,2.1792144775390625,1.8818778991699219,-2.1520960330963135,-0.9192278385162354,4.234994411468506
pix_095,0.3059734106063843,2.423264503479004,2.21488618850708,-2.1893310546875,-1.2341976165771484,4.099746227264404
pix_096,0.28210341930389404,2.568096876144409,2.423719882965088,-2.507183313369751,-0.4373098611831665,3.8134803771972656
pix_097,0.21762365102767944,2.5139124393463135,2.378872871398926,-2.7632861137390137,-0.5821002721786499,3.887763500213623
pix_098,0.20435577630996704,2.3337738513946533,2.1390814781188965,-2.5081381797790527,-1.2191379070281982,4.210054874420166
pix_099,0.13290919363498688,2.071556568145752,1.7901828289031982,-2.197183609008789,-0.7746767997741699,3.651987075805664
pix_100,0.022601231932640076,1.8415617942810059,1.5137665271759033,-1.6663738489151,-0.7677414417266846,3.7801554203033447
pix_101,-0.12266391515731812,1.9342273473739624,1.6475061178207397,-1.5642637014389038,-1.096867322921753,4.312075614929199
pix_102,-0.12249387800693512,2.25376033782959,2.0928781032562256,-2.134686231613159,-1.5659253597259521,3.900632858276367
pix_103,-0.10148723423480988,2.425835371017456,2.259401798248291,-3.215332508087158,0.5794471502304077,2.8112008571624756
pix_104,-0.004900908563286066,1.7268109321594238,1.2540349960327148,-4.840931415557861,0.8089224100112915,1.06982421875
pix_105,0.03594435751438141,1.6356886625289917,1.155948281288147,-4.856321334838867,0.696479320526123,1.0552037954330444
pix_106,0.1560872495174408,2.267157554626465,2.103134870529175,-3.525707721710205,1.0728989839553833,2.8268375396728516
pix_107,0.2775448262691498,2.162829875946045,1.9921777248382568,-2.663985252380371,-0.010190904140472412,3.4329988956451416
pix_108,0.2834891080856323,2.0915145874023438,1.8607043027877808,-2.25881290435791,-0.7930078506469727,3.7069613933563232
pix_109,0.2126268446445465,2.221724510192871,1.9540512561798096,-2.363711357116699,-0.8756282329559326,4.034291744232178
pix_110,0.23946800827980042,2.4314520359039307,2.2312324047088623,-2.507575035095215,-0.8457984924316406,3.8470656871795654
pix_111,0.21452417969703674,2.54927396774292,2.3880650997161865,-2.6308329105377197,-0.3357199430465698,3.6797001361846924
pix_112,0.21444055438041687,2.5458998680114746,2.387070655822754,-2.792426347732544,-0.5325403213500977,3.879305362701416
pix_113,0.14846159517765045,2.4250645637512207,2.2326645851135254,-2.6337647438049316,-1.162630558013916,3.9851202964782715
pix_114,0.18792423605918884,2.2320239543914795,1.907180905342102,-2.0615439414978027,-0.9928810596466064,4.34904146194458
pix_115,0.21487899124622345,2.060175895690918,1.600319266319275,-1.4022042751312256,-0.8174936771392822,4.864023685455322
pix_116,0.031362131237983704,2.089998960494995,1.686187744140625,-1.6832046508789062,-0.9508395195007324,4.4435906410217285
pix_117,-0.10777419805526733,2.278184413909912,2.0661802291870117,-2.3263344764709473,-1.3548166751861572,3.9608144760131836
pix_118,-0.09985405951738358,2.490278959274292,2.33894419670105,-3.259490728378296,0.3824470043182373,3.0591065883636475
pix_119,-0.012190818786621094,1.8669638633728027,1.4288004636764526,-4.865081787109375,0.902122974395752,1.1815401315689087
pix_120,-0.018623005598783493,1.6045564413070679,1.1352531909942627,-4.6257100105285645,0.561809778213501,1.2415810823440552
pix_121,0.13124561309814453,2.0366759300231934,1.8504220247268677,-3.2729759216308594,1.0327928066253662,2.7225427627563477
pix_122,0.22462843358516693,2.0094175338745117,1.873356580734253,-2.847254991531372,0.8159767389297485,2.961137294769287
pix_123,0.2106100469827652,1.9769830703735352,1.7889982461929321,-2.6238503456115723,-0.7743961811065674,3.0706443786621094
pix_124,0.1719624400138855,2.301903486251831,2.1237006187438965,-2.839289903640747,-0.826608419418335,3.7389140129089355
pix_125,0.18698853254318237,2.5125598907470703,2.3587746620178223,-2.996504068374634,0.33896732330322266,3.315580129623413
pix_126,0.10657017678022385,2.63242769241333,2.4967775344848633,-3.0625524520874023,0.1755460500717163,3.1736090183258057
pix_127,0.11204130202531815,2.529608964920044,2.3864552974700928,-3.0500941276550293,-0.006010651588439941,3.3330225944519043
pix_128,0.19699960947036743,2.5639235973358154,2.408454179763794,-2.804763078689575,-0.990067720413208,3.652085781097412
pix_129,0.2628896236419678,2.445765733718872,2.1866583824157715,-2.1723039150238037,-1.0601482391357422,4.2213029861450195
pix_130,0.24225488305091858,2.273038148880005,1.8318387269973755,-1.3762720823287964,-1.093684434890747,4.808032512664795
pix_131,0.07626311480998993,2.060150623321533,1.6147868633270264,-1.4825196266174316,-0.8987553119659424,4.569489002227783
pix_132,0.09607185423374176,2.251755714416504,1.9715384244918823,-2.0648458003997803,-1.106217861175537,4.116081714630127
pix_133,-0.09576236456632614,2.4900708198547363,2.350768804550171,-3.1686415672302246,-0.0676652193069458,3.192317008972168
pix_134,0.0041915844194591045,1.89604914188385,1.4963613748550415,-4.736194610595703,1.0308754444122314,1.3350077867507935
pix_135,-0.06408422440290451,1.577750563621521,1.08656644821167,-4.334385871887207,0.4456328749656677,1.379334568977356
pix_136,0.09318802505731583,1.9417140483856201,1.7308814525604248,-3.2032968997955322,0.920107364654541,2.563419818878174
pix_137,0.05368931218981743,1.8944321870803833,1.7527579069137573,-2.876382827758789,0.743496298789978,2.4581351280212402
pix_138,0.01937951147556305,2.0485105514526367,1.898256778717041,-3.216809034347534,0.34187233448028564,2.679100275039673
pix_139,0.05194461718201637,2.355118989944458,2.1932175159454346,-3.599748373031616,0.9793729782104492,2.98160719871521
pix_140,0.057400088757276535,2.4949100017547607,2.3534650802612305,-3.6164934635162354,1.4690299034118652,2.4385786056518555
pix_141,0.09198934584856033,2.4634652137756348,2.2828452587127686,-3.6072654724121094,1.3988287448883057,2.809596061706543
pix_142,0.06972461938858032,2.499098300933838,2.3585684299468994,-3.460355520248413,1.3397612571716309,2.910187244415283
pix_143,0.17399339377880096,2.508462429046631,2.357546091079712,-3.0411479473114014,0.2636144161224365,3.2699673175811768
pix_144,0.38602009415626526,2.513962984085083,2.2752912044525146,-2.418632745742798,-0.4933053255081177,4.0879034996032715
pix_145,0.2404542863368988,2.3247475624084473,1.95685613155365,-1.6845744848251343,-1.2380821704864502,4.668185234069824
pix_146,0.09664341062307358,2.0235085487365723,1.5950416326522827,-1.6454886198043823,-0.770704984664917,4.346982955932617
pix_147,-0.019693009555339813,2.109510898590088,1.8250823020935059,-2.0386929512023926,-0.9972732067108154,3.9409337043762207
pix_148,-0.12163420021533966,2.398435592651367,2.2464821338653564,-2.8541526794433594,-1.396741271018982,3.605795383453369
pix_149,-0.07260221242904663,2.0079197883605957,1.6253976821899414,-4.5363078117370605,0.9223573207855225,1.5253932476043701
pix_150,0.03554687649011612,1.5440436601638794,1.1111531257629395,-3.906986713409424,0.4683470129966736,1.5744543075561523
pix_151,-0.009448337368667126,1.9128631353378296,1.698366403579712,-3.093425750732422,0.8519469499588013,2.333913564682007
pix_152,-0.10055898874998093,2.010779619216919,1.8685848712921143,-3.155683755874634,0.8177598118782043,2.560704469680786
pix_153,-0.0933140441775322,2.182826280593872,2.0230255126953125,-3.764984607696533,0.7723235487937927,2.808483839035034
pix_154,-0.10227195918560028,2.5128753185272217,2.353797674179077,-3.9149301052093506,1.65158212184906,2.8135483264923096
pix_155,-0.048117123544216156,2.494621753692627,2.3120408058166504,-3.8995869159698486,1.6830804347991943,2.5085413455963135
pix_156,-0.027835659682750702,2.424592971801758,2.2142386436462402,-3.838674545288086,1.1500252485275269,2.506091594696045
pix_157,-0.03545210510492325,2.38557767868042,2.188530206680298,-3.7450194358825684,1.0480879545211792,2.6258392333984375
pix_158,0.021247750148177147,2.4467527866363525,2.2748217582702637,-3.385662078857422,1.143862009048462,2.9464871883392334
pix_159,0.25745293498039246,2.630678653717041,2.48909330368042,-2.772535562515259,0.3474057912826538,3.559211015701294
pix_160,0.2571878433227539,2.4453890323638916,2.1757686138153076,-2.0819883346557617,-1.2482101917266846,4.469419002532959
pix_161,0.055561427026987076,1.9924310445785522,1.6350494623184204,-1.9122194051742554,-0.7124826908111572,4.095510959625244
pix_162,-0.05159606784582138,2.00003981590271,1.7285114526748657,-2.15195369720459,-0.8353357315063477,3.73504638671875
pix_163,-0.18659237027168274,2.2804512977600098,2.129716396331787,-2.9809629917144775,-1.4671266078948975,3.151597261428833
pix_164,-0.11905537545681,2.1063425540924072,1.7483227252960205,-4.358383655548096,0.9432659149169922,1.927882194519043
pix_165,-0.0028499888721853495,1.6296453475952148,1.1921149492263794,-4.095029830932617,0.505052924156189,1.5542800426483154
pix_166,-0.04709673300385475,2.00362229347229,1.7743221521377563,-3.518050193786621,0.8454627394676208,2.3294553756713867
pix_167,-0.15313385426998138,2.14534068107605,1.978845477104187,-3.810534954071045,0.9095638394355774,2.728736639022827
pix_168,-0.11880214512348175,2.3292958736419678,2.1699538230895996,-3.969306707382202,0.5874416828155518,2.887641668319702
pix_169,-0.04913655295968056,2.5428247451782227,2.3861093521118164,-3.7865123748779297,1.4025075435638428,2.6996004581451416
pix_170,0.032990146428346634,2.4481704235076904,2.257195472717285,-3.9104115962982178,1.693980097770691,2.3800318241119385
pix_171,0.05796497315168381,2.332894802093506,2.1233911514282227,-3.9079232215881348,1.1874666213989258,2.517674207687378
pix_172,0.024829700589179993,2.2628121376037598,2.0370633602142334,-3.756585121154785,0.9044800400733948,2.5760855674743652
pix_173,0.05100342631340027,2.417752504348755,2.2429018020629883,-3.5371954441070557,1.1404279470443726,2.7817108631134033
pix_174,0.2103390097618103,2.6309878826141357,2.5077898502349854,-2.916066884994507,0.4048762321472168,3.2365269660949707
pix_175,0.09001708775758743,2.534578800201416,2.338793992996216,-2.369939088821411,-1.5580615997314453,4.233160018920898
pix_176,0.02998039498925209,2.028505325317383,1.7359188795089722,-2.049320697784424,-0.8016815185546875,3.856508493423462
pix_177,-0.019876724109053612,2.0065665245056152,1.763185739517212,-2.3083415031433105,-0.79254150390625,3.5318145751953125
pix_178,-0.14742867648601532,2.171922206878662,2.0110039710998535,-3.036492109298706,-1.181380271911621,3.0564441680908203
pix_179,0.003433179808780551,1.9224746227264404,1.5687750577926636,-4.082575798034668,0.8186016082763672,1.9606069326400757
pix_180,0.035552095621824265,1.7668113708496094,1.3392465114593506,-4.238080024719238,0.6693582534790039,1.5492409467697144
pix_181,-0.02777656726539135,2.294950008392334,2.06036114692688,-4.039810657501221,1.057823896408081,2.7306535243988037
pix_182,-0.06488455832004547,2.382455348968506,2.2342138290405273,-3.8723983764648438,0.8875771760940552,2.8923587799072266
pix_183,-0.026442622765898705,2.4720535278320312,2.3534939289093018,-3.4913244247436523,-0.7253024578094482,3.1387577056884766
pix_184,0.00856221653521061,2.5714423656463623,2.4330525398254395,-3.2916433811187744,0.34024834632873535,2.933478355407715
pix_185,-0.027834048494696617,2.547614336013794,2.376389265060425,-3.832566499710083,1.1287404298782349,2.6137917041778564
pix_186,-0.07836594432592392,2.4006359577178955,2.1929619312286377,-3.8483493328094482,1.2138011455535889,2.637338399887085
pix_187,0.05726705491542816,2.309410333633423,2.0944440364837646,-3.741100549697876,1.0286366939544678,2.755718946456909
pix_188,0.14162388443946838,2.5424482822418213,2.4026644229888916,-3.401381492614746,1.5306427478790283,3.0766849517822266
pix_189,0.06469228863716125,2.5980722904205322,2.4384217262268066,-2.8585941791534424,-0.09933686256408691,3.3054940700531006
pix_190,-0.11870153248310089,2.414830446243286,2.2242250442504883,-2.5434629917144775,-1.5732314586639404,4.161008834838867
pix_191,-0.11972322314977646,2.0093367099761963,1.7794228792190552,-2.2736427783966064,-0.8815174102783203,3.6147820949554443
pix_192,-0.08264688402414322,2.0237154960632324,1.8013947010040283,-2.4622879028320312,-0.8164162635803223,3.4004995822906494
pix_193,-0.06345771998167038,2.2265379428863525,2.0624520778656006,-3.1402597427368164,-0.5347945690155029,3.0876142978668213
pix_194,0.061184536665678024,1.836095929145813,1.5241116285324097,-3.9255027770996094,0.8978040814399719,1.7141714096069336
pix_195,-0.03342600166797638,1.7796554565429688,1.3064475059509277,-4.754997730255127,0.7355430126190186,1.191714882850647
pix_196,-0.030378255993127823,2.4980976581573486,2.2927510738372803,-4.1678972244262695,1.3262009620666504,2.968006134033203
pix_197,-0.07795218378305435,2.5506432056427,2.427009344100952,-3.5491862297058105,-0.5853316783905029,3.2266814708709717
pix_198,-0.07032541930675507,2.512436866760254,2.371727705001831,-2.9553401470184326,-1.230686902999878,3.370753049850464
pix_199,0.0375143326818943,2.532146692276001,2.3600192070007324,-2.5704081058502197,-1.324190378189087,3.5311453342437744
pix_200,0.04823870584368706,2.5109145641326904,2.324974298477173,-2.5793449878692627,-1.1503418684005737,3.619699478149414
pix_201,0.09841655939817429,2.46627140045166,2.265329360961914,-2.9625325202941895,-0.523492693901062,3.6009202003479004
pix_202,0.21125900745391846,2.411417007446289,2.1834516525268555,-2.9474310874938965,-0.6063060760498047,3.7735493183135986
pix_203,0.1647891402244568,2.396026611328125,2.1366989612579346,-2.592658042907715,-0.48460984230041504,4.000993728637695
pix_204,-0.07987518608570099,2.2165040969848633,1.9761539697647095,-2.0807135105133057,-1.6940479278564453,4.237730979919434
pix_205,-0.15370292961597443,1.960504174232483,1.67986261844635,-2.0438952445983887,-0.9541871547698975,3.9368650913238525
pix_206,-0.1578666865825653,1.8873257637023926,1.6207019090652466,-2.1520321369171143,-0.7648963928222656,3.6755435466766357
pix_207,-0.19450365006923676,2.0613365173339844,1.8819979429244995,-2.643235445022583,-1.1054105758666992,3.3747611045837402
pix_208,-0.08722639083862305,2.3214457035064697,2.1429219245910645,-3.378527879714966,0.16331779956817627,3.198251247406006
pix_209,0.044334184378385544,1.7405672073364258,1.3564207553863525,-4.094511032104492,0.8595713973045349,1.4804966449737549
pix_210,-0.0015751933678984642,1.558194637298584,1.049843668937683,-4.385050296783447,0.6174067258834839,0.713103711605072
pix_211,0.09646159410476685,2.4048423767089844,2.148721933364868,-4.247643947601318,1.669459342956543,2.1871798038482666
pix_212,0.10538671165704727,2.6226742267608643,2.5000391006469727,-3.3567140102386475,0.682002067565918,2.969167470932007
pix_213,0.040810130536556244,2.6366848945617676,2.5032236576080322,-2.672771453857422,-1.3806278705596924,3.5149154663085938
pix_214,0.1420750916004181,2.54891300201416,2.296457290649414,-2.017993450164795,-1.2896671295166016,4.015838146209717
pix_215,0.1446443498134613,2.346869707107544,1.9587363004684448,-1.7349504232406616,-1.194579839706421,4.452669620513916
pix_216,0.106953926384449,2.2414441108703613,1.7939163446426392,-1.6484887599945068,-1.0383038520812988,4.759737491607666
pix_217,0.22727251052856445,2.2151482105255127,1.7301056385040283,-1.462910532951355,-0.965125322341919,4.967128753662109
pix_218,0.055777665227651596,2.1005353927612305,1.6442004442214966,-1.4127297401428223,-1.0158231258392334,4.735666275024414
pix_219,-0.12672089040279388,1.9682899713516235,1.5415436029434204,-1.6491554975509644,-0.9620046615600586,4.672850131988525
pix_220,-0.24900968372821808,1.8747555017471313,1.5504827499389648,-1.9883276224136353,-0.8539130687713623,4.17803430557251
pix_221,-0.22547052800655365,2.1040141582489014,1.8778856992721558,-2.266477346420288,-1.1934833526611328,3.813215970993042
pix_222,-0.2647942304611206,2.44199800491333,2.3197221755981445,-2.9646964073181152,-1.5643821954727173,3.3735005855560303
pix_223,-0.27203452587127686,2.5239603519439697,2.325909376144409,-3.911160945892334,1.184519648551941,2.2652342319488525
pix_224,-0.15582901239395142,1.8057178258895874,1.3287276029586792,-4.689257621765137,0.7319043278694153,1.0638505220413208
pix_225,-0.010123207233846188,0.7020413279533386,0.3370226323604584,-0.9104772210121155,0.18212535977363586,0.21619057655334473
pix_226,0.053918126970529556,1.283955693244934,0.9714508056640625,-3.3151886463165283,0.6309281587600708,0.6993218064308167
pix_227,0.13327211141586304,1.6251194477081299,1.4949336051940918,-2.7341840267181396,1.217397928237915,1.4147493839263916
pix_228,0.12733805179595947,1.77305269241333,1.6955676078796387,-2.1420884132385254,0.9002804756164551,1.9847080707550049
pix_229,0.12944988906383514,1.7761039733886719,1.6826649904251099,-1.650779128074646,-0.6348003149032593,2.3907790184020996
pix_230,0.1354880928993225,1.700844407081604,1.5254249572753906,-1.3574819564819336,-0.9585369825363159,2.8130416870117188
pix_231,0.031780511140823364,1.623595118522644,1.407098650932312,-1.2825226783752441,-0.8743811845779419,2.925689458847046
pix_232,0.08435304462909698,1.6037499904632568,1.369844913482666,-1.1460673809051514,-0.8966809511184692,3.0228259563446045
pix_233,0.030727116391062737,1.5662761926651,1.3509026765823364,-1.249480128288269,-0.8803631067276001,2.933650493621826
pix_234,-0.05878701061010361,1.554843783378601,1.4002351760864258,-1.4389983415603638,-0.9874695539474487,2.7695109844207764
pix_235,-0.11692436039447784,1.6240688562393188,1.5080760717391968,-1.7815426588058472,-1.1204156875610352,2.5293707847595215
pix_236,-0.1762915849685669,1.738033652305603,1.6700974702835083,-2.0696136951446533,-0.9212354421615601,2.0921003818511963
pix_237,-0.20734798908233643,1.736096978187561,1.622280478477478,-2.622316837310791,0.8758373260498047,1.5550637245178223
pix_238,-0.2037138044834137,1.5650429725646973,1.2890301942825317,-3.0763540267944336,0.6909748315811157,1.0186532735824585
pix_239,-0.11994844675064087,1.0394091606140137,0.6265997886657715,-2.6740291118621826,0.2976683974266052,0.4251062572002411
zer_000,-0.0019123638048768044,0.05593536049127579,0.04151170700788498,-0.10526139289140701,0.01426580362021923,0.05869941785931587
zer_001,-0.008801707066595554,1.1526647806167603,0.8553347587585449,-2.1705052852630615,0.1878359317779541,1.3282405138015747
zer_002,-0.3806217908859253,11.831151962280273,9.45012092590332,-23.950138092041016,0.4720277786254883,15.969613075256348
zer_003,-1.0224510431289673,38.15772247314453,30.1092586517334,-72.26302337646484,6.004526138305664,49.86287307739258
zer_004,-1.773328423500061,49.70651626586914,40.3122673034668,-83.7171401977539,2.4573745727539062,72.53754425048828
zer_005,1.6880056858062744,92.68651580810547,76.45897674560547,-143.13424682617188,2.7917709350585938,155.26446533203125
zer_006,-0.5791107416152954,94.32264709472656,79.8559341430664,-163.2959747314453,14.847026824951172,121.76969909667969
zer_007,-0.007043136283755302,0.07161719352006912,0.05529149994254112,-0.12461986392736435,0.008643552660942078,0.07888281345367432
zer_008,-0.09902340918779373,1.407288670539856,1.1097620725631714,-2.877052068710327,0.11580884456634521,1.8027441501617432
zer_009,-1.5884453058242798,13.321090698242188,10.266417503356934,-26.076013565063477,0.8907470703125,17.15410614013672
zer_010,-5.200045108795166,45.072635650634766,36.80282974243164,-82.08297729492188,1.8677635192871094,59.807979583740234
zer_011,-2.113967180252075,58.7002067565918,48.430076599121094,-104.74996948242188,3.473400115966797,83.35101318359375
zer_012,-3.582012891769409,67.02740478515625,55.657379150390625,-122.92798614501953,5.294643402099609,91.97639465332031
zer_013,-0.00199781428091228,0.14471159875392914,0.10537466406822205,-0.2759021818637848,0.026538550853729248,0.16404999792575836
zer_014,-0.11569451540708542,3.592327356338501,2.8451948165893555,-7.288657188415527,0.1668872833251953,4.81865930557251
zer_015,-0.428629070520401,22.5660400390625,17.63030433654785,-43.34123229980469,4.0556640625,28.633747100830078
zer_016,0.8348917365074158,49.555850982666016,39.37486267089844,-89.64635467529297,10.20101547241211,66.40216827392578
zer_017,1.688523292541504,70.86943817138672,57.02424621582031,-125.76403045654297,6.811988830566406,106.52520751953125
zer_018,-7.781289577484131,101.31198120117188,78.95128631591797,-217.29293823242188,20.441059112548828,105.55423736572266
zer_019,-0.015477018430829048,0.18898488581180573,0.1484127640724182,-0.37718334794044495,0.017902694642543793,0.22572025656700134
zer_020,-0.5402756333351135,4.411871433258057,3.339015483856201,-8.877496719360352,0.35724639892578125,5.4735212326049805
zer_021,-3.2403881549835205,28.24240493774414,22.630067825317383,-52.51615905761719,1.4882526397705078,35.62989807128906
zer_022,-3.045321464538574,54.517154693603516,42.36805725097656,-118.25577545166016,6.681388854980469,67.05043029785156
zer_023,-6.101889133453369,61.91496658325195,51.04084777832031,-115.13866424560547,-0.7313766479492188,83.7613525390625
zer_024,-0.023613352328538895,0.5202610492706299,0.4094110131263733,-1.0500327348709106,0.016224205493927002,0.6721656918525696
zer_025,-0.18249313533306122,8.34170150756836,6.43283748626709,-16.64733123779297,1.5969629287719727,10.28531551361084
zer_026,1.023423433303833,35.85836410522461,28.093339920043945,-64.15571594238281,9.095232009887695,47.56732177734375
zer_027,4.699891567230225,63.41857147216797,51.0964469909668,-102.90259552001953,4.778419494628906,110.80811309814453
zer_028,-12.73227310180664,95.66080474853516,75.224853515625,-208.30532836914062,-1.7729415893554688,108.28473663330078
zer_029,-0.08665867149829865,0.6983080506324768,0.5214105844497681,-1.3588701486587524,0.051690101623535156,0.8569835424423218
zer_030,-1.2287085056304932,11.127372741699219,8.778185844421387,-21.892213821411133,0.5270547866821289,13.981231689453125
zer_031,-2.7437939643859863,48.6767692565918,36.07927703857422,-113.66729736328125,10.08791732788086,52.559326171875
zer_032,-2.4964377880096436,61.518829345703125,51.642696380615234,-113.2954330444336,11.8087158203125,80.83255767822266
zer_033,-0.04278457164764404,1.453016757965088,1.112198829650879,-2.7896201610565186,0.2589353322982788,1.7632993459701538
zer_034,0.307867169380188,16.430768966674805,12.477361679077148,-29.05594253540039,3.0439023971557617,22.57890510559082
zer_035,1.566452980041504,51.2928581237793,40.88084411621094,-86.15309143066406,1.516082763671875,85.55753326416016
zer_036,4.635449409484863,88.21687316894531,70.76122283935547,-182.4180145263672,29.286026000976562,106.40859985351562
zer_037,-0.2596386671066284,2.101499080657959,1.6451759338378906,-4.328906059265137,0.0938330888748169,2.548740863800049
zer_038,-1.3090189695358276,26.67477035522461,20.156749725341797,-58.16498565673828,5.916977882385254,27.72925567626953
zer_039,-2.3321776390075684,58.74773025512695,48.97882843017578,-110.17807006835938,5.219398498535156,75.46484375
zer_040,0.1592698097229004,3.5489301681518555,2.6637701988220215,-5.957311153411865,0.7079422473907471,4.993976593017578
zer_041,-0.026641692966222763,32.23228073120117,25.862533569335938,-51.70122146606445,0.09331512451171875,56.407615661621094
zer_042,11.893267631530762,90.53087615966797,72.48297119140625,-165.53765869140625,24.729278564453125,142.09268188476562
zer_043,-0.34551405906677246,6.554355144500732,5.000244140625,-13.804060935974121,1.8328197002410889,6.836081504821777
zer_044,-3.1076242923736572,45.88654327392578,38.4600715637207,-87.0466537475586,1.2724380493164062,62.049495697021484
zer_045,-0.24070656299591064,9.536089897155762,7.745837211608887,-15.838483810424805,-0.4490070343017578,16.091886520385742
zer_046,4.548971176147461,62.459442138671875,50.052879333496094,-109.5596694946289,13.410903930664062,96.15084075927734
mor_000,0.019813861697912216,0.5336735248565674,0.4463285505771637,-1.1916849613189697,0.2676928639411926,0.5804534554481506
mor_001,0.00639419537037611,0.9154373407363892,0.7429831624031067,-1.396255373954773,0.015808820724487305,1.2914581298828125
mor_002,0.07364647090435028,0.6447624564170837,0.5363306403160095,-1.131971001625061,-0.08432361483573914,0.8558194637298584
mor_003,1.3183075189590454,23.959299087524414,20.44584846496582,-45.86577606201172,9.437255859375,28.86280059814453
mor_004,0.012296549044549465,0.2682771682739258,0.23065043985843658,-0.45061153173446655,0.06396973133087158,0.37577342987060547
mor_005,197.5619659423828,3522.2080078125,3016.020263671875,-6592.1142578125,1480.859375,4028.726318359375
