loss,recon,recon_base,pix_recon,aux_recon_base,kl,val_loss,val_recon,val_recon_base,val_pix_recon,val_aux_recon_base,val_kl,beta,aux_loss_weight,lr,logical_epoch,epoch_duration_sec,elapsed_train_sec,kl_target,kl_target_final,next_beta,kl_controller_advanced,epoch
0.9508378165108817,0.9508378165108817,0.9508378165108817,0.9508378165108817,1.0232691168785095,5.181263695870127,0.8267265260219574,0.8267265260219574,0.8267265260219574,0.8267265260219574,1.099604845046997,25.01888084411621,0.0,0.0,0.001,0,0.2882702999995672,0.2882702999995672,50.0,5.0,0.0,True,0
0.7481815900121417,0.7481815900121417,0.7481815900121417,0.7481815900121417,1.0946388244628906,28.636503219604492,0.6723503768444061,0.6723503768444061,0.6723503768444061,0.6723503768444061,1.144656479358673,39.9034366607666,0.0,0.0,0.001,1,0.06492599999910453,0.35319629999867175,50.0,5.0,0.0,True,1
0.6278773971966335,0.6278773971966335,0.6278773971966335,0.6278773971966335,1.1338754040854317,42.200020926339285,0.5743137896060944,0.5743137896060944,0.5743137896060944,0.5743137896060944,1.1626867055892944,49.31697463989258,0.0,0.0,0.001,2,0.06035320000228239,0.41354950000095414,50.0,5.0,0.0,True,2
0.5489205377442496,0.5489205377442496,0.5489205377442496,0.5489205377442496,1.1543694734573364,50.85460335867746,0.5124773979187012,0.5124773979187012,0.5124773979187012,0.5124773979187012,1.1621971130371094,54.44186973571777,0.0,0.0,0.001,3,0.06041429999822867,0.4739637999991828,50.0,5.0,0.0,True,3
0.4863630405494145,0.4863630405494145,0.4863630405494145,0.4863630405494145,1.1650055306298392,57.7917104448591,0.46075044572353363,0.46075044572353363,0.46075044572353363,0.46075044572353363,1.176724374294281,60.73126792907715,0.0,0.0,0.001,4,0.06321549999847775,0.5371792999976606,50.0,5.0,0.0,True,4
0.43768029127802166,0.43768029127802166,0.43768029127802166,0.43768029127802166,1.1739655903407507,63.00744465419224,0.4217153787612915,0.4217153787612915,0.4217153787612915,0.4217153787612915,1.190961480140686,65.82383346557617,0.0,0.0,0.001,5,0.06063930000163964,0.5978185999993002,50.0,5.0,0.0,True,5
0.39731109142303467,0.39731109142303467,0.39731109142303467,0.39731109142303467,1.18930184841156,67.53587995256696,0.3916694074869156,0.3916694074869156,0.3916694074869156,0.3916694074869156,1.2029483318328857,68.08948135375977,0.0,0.0,0.001,6,0.06749539999873377,0.665313999998034,50.0,5.0,0.0,True,6
0.3702625504561833,0.3702625504561833,0.3702625504561833,0.3702625504561833,1.2024949789047241,69.21439470563617,0.36781398952007294,0.36781398952007294,0.36781398952007294,0.36781398952007294,1.2158600091934204,70.57056045532227,0.0,0.0,0.001,7,0.06479500000205007,0.730109000000084,50.0,5.0,0.0,True,7
0.34505018166133333,0.34505018166133333,0.34505018166133333,0.34505018166133333,1.208367841584342,72.0093743460519,0.350051686167717,0.350051686167717,0.350051686167717,0.350051686167717,1.2281407713890076,73.34236145019531,0.0,0.0,0.001,8,0.061015899998892564,0.7911248999989766,50.0,5.0,0.0,True,8
0.3296832059110914,0.3296832059110914,0.3296832059110914,0.3296832059110914,1.2290027141571045,75.04959106445312,0.3376913517713547,0.3376913517713547,0.3376913517713547,0.3376913517713547,1.2472234964370728,76.81472396850586,0.0,0.0,0.001,9,0.0624041999981273,0.8535290999971039,50.0,5.0,0.0,True,9
0.3150826692581177,0.3150826692581177,0.3150826692581177,0.3150826692581177,1.2422973428453719,78.68746403285435,0.32784444093704224,0.32784444093704224,0.32784444093704224,0.32784444093704224,1.2484638690948486,79.14595413208008,0.0,0.0,0.001,10,0.06514890000107698,0.9186779999981809,50.0,5.0,0.001,True,10
0.37025585770606995,0.30597772768565584,0.30597772768565584,0.30597772768565584,1.2207240888050623,64.27812249319894,0.36512723565101624,0.32260969281196594,0.32260969281196594,0.32260969281196594,1.2171922326087952,42.51753616333008,0.001,0.0,0.001,11,0.05959480000092299,0.9782727999991039,46.186440677966104,5.0,0.0,True,11
0.30310122455869404,0.30310122455869404,0.30310122455869404,0.30310122455869404,1.2190155301775252,37.08732713971819,0.3155718147754669,0.3155718147754669,0.3155718147754669,0.3155718147754669,1.2341381907463074,34.3051643371582,0.0,0.0,0.001,12,0.05893540000033681,1.0372081999994407,42.91338582677166,5.0,0.0,True,12
0.2929209896496364,0.2929209896496364,0.2929209896496364,0.2929209896496364,1.2345390660422189,40.26835468837193,0.3108011335134506,0.3108011335134506,0.3108011335134506,0.3108011335134506,1.2481058835983276,47.637088775634766,0.0,0.0,0.001,13,0.06077780000123312,1.0979860000006738,40.0735294117647,5.0,0.001,True,13
0.33095734885760714,0.2856683007308415,0.2856683007308415,0.2856683007308415,1.2264030150004797,45.28904833112444,0.3443318158388138,0.3061817139387131,0.3061817139387131,0.3061817139387131,1.2225897312164307,38.15010070800781,0.001,0.0,0.001,14,0.06190160000187461,1.1598876000025484,37.58620689655172,5.0,0.002,True,14
0.34634582485471455,0.28711514813559397,0.28711514813559397,0.28711514813559397,1.1968578440802438,29.61533628191267,0.35209618508815765,0.3080907613039017,0.3080907613039017,0.3080907613039017,1.2067846655845642,22.002707481384277,0.002,0.0,0.001,15,0.059360600000218255,1.2192482000027667,35.3896103896104,5.0,0.001,True,15
0.31969127484730314,0.29499449900218416,0.29499449900218416,0.29499449900218416,1.2042279754366194,24.69677734375,0.33375556766986847,0.3043130487203598,0.3043130487203598,0.3043130487203598,1.2119154930114746,29.4425106048584,0.001,0.0,0.001,16,0.06147380000038538,1.280722000003152,33.435582822085884,5.0,0.0,True,16
0.2761262570108686,0.2761262570108686,0.2761262570108686,0.2761262570108686,1.2135600021907262,35.71092224121094,0.30241718888282776,0.30241718888282776,0.30241718888282776,0.30241718888282776,1.2290648221969604,43.00559997558594,0.0,0.0,0.001,17,0.06265990000247257,1.3433819000056246,31.68604651162791,5.0,0.001,True,17
0.3119356078760965,0.26970404386520386,0.26970404386520386,0.26970404386520386,1.20692697593144,42.23156247820173,0.3332614302635193,0.29576168954372406,0.29576168954372406,0.29576168954372406,1.2055267095565796,37.4997444152832,0.001,0.0,0.001,18,0.06164630000057514,1.4050282000061998,30.11049723756906,5.0,0.002,True,18
0.32938035896846224,0.2686103241784232,0.2686103241784232,0.2686103241784232,1.1854735101972307,30.385013580322266,0.3380422741174698,0.2946751117706299,0.2946751117706299,0.2946751117706299,1.1910743117332458,21.683582305908203,0.002,0.0,0.001,19,0.0636847999994643,1.468713000005664,28.684210526315788,5.0,0.001,True,19
0.298936311687742,0.277061470917293,0.277061470917293,0.277061470917293,1.2018473659242903,21.874838965279714,0.31481219828128815,0.2918251156806946,0.2918251156806946,0.2918251156806946,1.2011536955833435,22.98708152770996,0.001,0.0,0.001,20,0.06260859999747481,1.5313216000031389,27.386934673366838,5.0,0.0,True,20
0.2625850055898939,0.2625850055898939,0.2625850055898939,0.2625850055898939,1.206612161227635,29.11876024518694,0.28946952521800995,0.28946952521800995,0.28946952521800995,0.28946952521800995,1.2199842929840088,35.492408752441406,0.0,0.0,0.001,21,0.062080199997581076,1.59340180000072,26.20192307692308,5.0,0.001,True,21
0.2918156811169216,0.25496572043214527,0.25496572043214527,0.25496572043214527,1.2076787267412459,36.84995542253767,0.32130108773708344,0.2868391126394272,0.2868391126394272,0.2868391126394272,1.205560564994812,34.46197509765625,0.001,0.0,0.001,22,0.06298749999768916,1.6563892999984091,25.115207373271886,5.0,0.002,True,22
0.3155488542148045,0.2566735701901572,0.2566735701901572,0.2566735701901572,1.1858071769986833,29.437639781406947,0.3306151479482651,0.2852473109960556,0.2852473109960556,0.2852473109960556,1.1963328123092651,22.683917999267578,0.002,0.0,0.001,23,0.06071629999860306,1.7171055999970122,24.115044247787612,5.0,0.001,True,23
0.281819292477199,0.2597284657614572,0.2597284657614572,0.2597284657614572,1.2046199185507638,22.090822219848633,0.3073297441005707,0.28492575883865356,0.28492575883865356,0.28492575883865356,1.2073847651481628,22.403985023498535,0.001,0.0,0.001,24,0.06015339999794378,1.777258999994956,23.191489361702125,5.0,0.0,True,24
0.2535881591694696,0.2535881591694696,0.2535881591694696,0.2535881591694696,1.21195764201028,26.98450415475028,0.2836422324180603,0.2836422324180603,0.2836422324180603,0.2836422324180603,1.2222285270690918,32.718706130981445,0.0,0.0,0.001,25,0.06366169999819249,1.8409206999931484,22.33606557377049,5.0,0.001,True,25
0.27809072392327444,0.24378778891904013,0.24378778891904013,0.24378778891904013,1.2143922703606742,34.30292892456055,0.3135678470134735,0.2805739939212799,0.2805739939212799,0.2805739939212799,1.2108542919158936,32.99385643005371,0.001,0.0,0.001,26,0.06203969999842229,1.9029603999915707,21.541501976284586,5.0,0.002,True,26
0.30283841490745544,0.24545892008713313,0.24545892008713313,0.24545892008713313,1.1981384754180908,28.689745494297572,0.3245712071657181,0.27996043860912323,0.27996043860912323,0.27996043860912323,1.1930497288703918,22.305384635925293,0.002,0.0,0.001,27,0.06639429999995627,1.969354699991527,20.80152671755725,5.0,0.003,True,27
0.31688195892742704,0.25781236376081196,0.25781236376081196,0.25781236376081196,1.1873551266533988,19.689865929739817,0.3349970430135727,0.2815568894147873,0.2815568894147873,0.2815568894147873,1.1941367387771606,17.81338405609131,0.003,0.0,0.001,28,0.06916249999994761,2.0385171999914746,20.11070110701107,5.0,0.002,True,28
0.29732949818883625,0.2573635961328234,0.2573635961328234,0.2573635961328234,1.1903996978487288,19.982952117919922,0.3242623060941696,0.2802339941263199,0.2802339941263199,0.2802339941263199,1.1892699003219604,22.014156341552734,0.002,0.0,0.001,29,0.07471459999942454,2.113231799990899,19.46428571428571,5.0,0.003,True,29
0.31471096192087444,0.2478285197700773,0.2478285197700773,0.2478285197700773,1.1785264696393694,22.294148308890207,0.3411133736371994,0.2796782851219177,0.2796782851219177,0.2796782851219177,1.1824690103530884,20.478360176086426,0.003,0.0,0.001,30,0.0724218999966979,2.185653699987597,18.858131487889274,5.0,0.004,True,30
0.33301203165735516,0.2595033347606659,0.2595033347606659,0.2595033347606659,1.1712505306516374,18.37717410496303,0.34655797481536865,0.2816295027732849,0.2816295027732849,0.2816295027732849,1.1787444949150085,16.232115745544434,0.004,0.0,0.001,31,0.06687619999866001,2.252529899986257,18.288590604026847,5.0,0.003,True,31
0.3137303292751312,0.25982715828078135,0.25982715828078135,0.25982715828078135,1.1831520455224174,17.967725208827428,0.3376595079898834,0.2824954241514206,0.2824954241514206,0.2824954241514206,1.1728711128234863,18.38802719116211,0.003,0.0,0.001,32,0.06436580000081449,2.3168956999870716,17.752442996742666,5.0,0.004,True,32
0.3284155811582293,0.25266425950186594,0.25266425950186594,0.25266425950186594,1.173976216997419,18.937828608921595,0.350361704826355,0.2799287587404251,0.2799287587404251,0.2799287587404251,1.1703152060508728,17.60823631286621,0.004,0.0,0.001,33,0.07017630000336794,2.3870719999904395,17.246835443037973,5.0,0.005,True,33
0.34214101093155996,0.25925239494868685,0.25925239494868685,0.25925239494868685,1.163928542818342,16.57772295815604,0.35855069756507874,0.28070439398288727,0.28070439398288727,0.28070439398288727,1.17375910282135,15.569261074066162,0.005,0.0,0.001,34,0.06460359999982757,2.451675599990267,16.769230769230766,5.0,0.004,True,34
0.3249039905411856,0.2583191522530147,0.2583191522530147,0.2583191522530147,1.1651388577052526,16.646209580557688,0.35011126101017,0.2804797887802124,0.2804797887802124,0.2804797887802124,1.1744341254234314,17.407867431640625,0.004,0.0,0.001,35,0.07075330000225222,2.5224288999925193,16.317365269461078,5.0,0.005,True,35
0.34103391000202726,0.25436824773039135,0.25436824773039135,0.25436824773039135,1.1671206099646432,17.333132607596262,0.3605567067861557,0.27925753593444824,0.27925753593444824,0.27925753593444824,1.167457103729248,16.259833335876465,0.005,0.0,0.001,36,0.06127070000002277,2.583699599992542,15.889212827988338,5.0,0.006,True,36
0.35108821732657297,0.25930078966276987,0.25930078966276987,0.25930078966276987,1.163858141217913,15.29790551321847,0.36177869141101837,0.2770259827375412,0.2770259827375412,0.2770259827375412,1.1638622283935547,14.125452518463135,0.006,0.0,0.001,37,0.06236299999727635,2.6460625999898184,15.482954545454547,5.0,0.005,True,37
0.33665001818111967,0.258648082613945,0.258648082613945,0.258648082613945,1.1658198833465576,15.600386210850306,0.35721057653427124,0.2775508016347885,0.2775508016347885,0.2775508016347885,1.1599174737930298,15.931956768035889,0.005,0.0,0.001,38,0.06204989999969257,2.708112499989511,15.096952908587255,5.0,0.006,True,38
0.34952095576695036,0.25502587641988483,0.25502587641988483,0.25502587641988483,1.1594310998916626,15.749180521283831,0.36451196670532227,0.2759963423013687,0.2759963423013687,0.2759963423013687,1.164181649684906,14.752606868743896,0.006,0.0,0.001,39,0.061591300000145566,2.7697037999896565,14.729729729729733,5.0,0.006228771390141631,True,39
0.35031451497759136,0.25882345863751005,0.25882345863751005,0.25882345863751005,1.1600033385413033,14.688459123883929,0.3658159524202347,0.27738431096076965,0.27738431096076965,0.27738431096076965,1.1597780585289001,14.197285652160645,0.006228771390141631,0.0,0.001,40,0.06624730000112322,2.8359510999907798,14.379947229551448,5.0,0.005228771390141631,True,40
0.33577243770871845,0.25519137723105295,0.25519137723105295,0.25519137723105295,1.1620959043502808,15.411089079720634,0.35984528064727783,0.27665525674819946,0.27665525674819946,0.27665525674819946,1.1619144678115845,15.910051345825195,0.005228771390141631,0.0,0.001,41,0.062208600000303704,2.8981596999910835,14.046391752577314,5.0,0.006228771390141631,True,41
0.3517159947327205,0.25465612539223265,0.25465612539223265,0.25465612539223265,1.153104032788958,15.582506724766322,0.36476169526576996,0.2767625004053116,0.2767625004053116,0.2767625004053116,1.1556774973869324,14.127857208251953,0.006228771390141631,0.0,0.001,42,0.06021809999947436,2.958377799990558,13.727959697732999,5.0,0.007228771390141631,True,42
0.36255359649658203,0.2609307425362723,0.2609307425362723,0.2609307425362723,1.1619187934058053,14.058108466012138,0.3743700832128525,0.2778806984424591,0.2778806984424591,0.2778806984424591,1.157956838607788,13.347965240478516,0.007228771390141631,0.0,0.001,43,0.062043699999776436,3.0204214999903343,13.423645320197046,5.0,0.006471970592956324,True,43
0.34933486580848694,0.2568445461136954,0.2568445461136954,0.2568445461136954,1.1552458320345198,14.290906361171178,0.37026268243789673,0.2755234092473984,0.2755234092473984,0.2755234092473984,1.1586573123931885,14.638396739959717,0.006471970592956324,0.0,0.001,44,0.059871099998417776,3.080292599988752,13.132530120481931,5.0,0.007471970592956324,True,44
0.36205464601516724,0.25543754015650066,0.25543754015650066,0.25543754015650066,1.158269967351641,14.268940925598145,0.374934583902359,0.27739785611629486,0.27739785611629486,0.27739785611629486,1.152336835861206,13.053680896759033,0.007471970592956324,0.0,0.001,45,0.06078879999768105,3.141081399986433,12.85377358490566,5.0,0.008471970592956325,True,45
0.378523907491139,0.2661198803356716,0.2661198803356716,0.2661198803356716,1.155768735068185,13.2677549634661,0.3893136829137802,0.27687008678913116,0.27687008678913116,0.27687008678913116,1.1590297222137451,13.272425174713135,0.008471970592956325,0.0,0.001,46,0.06353980000130832,3.2046211999877414,12.586605080831404,5.0,0.009471970592956326,True,46
0.3883534755025591,0.2652814941746848,0.2652814941746848,0.2652814941746848,1.155454363141741,12.993281773158483,0.39521320164203644,0.2782055586576462,0.2782055586576462,0.2782055586576462,1.1524723172187805,12.353040218353271,0.009471970592956326,0.0,0.001,47,0.06771070000104373,3.272331899988785,12.33031674208145,5.0,0.009699205355674537,True,47
0.39642714176859173,0.2733240893908909,0.2733240893908909,0.2733240893908909,1.153565219470433,12.692076410566058,0.3998216837644577,0.28022500872612,0.28022500872612,0.28022500872612,1.1472460627555847,12.330565452575684,0.009699205355674537,0.0,0.001,48,0.06233879999854253,3.3346706999873277,12.084257206208427,5.0,0.010699205355674538,True,48
0.40514268619673593,0.2714404421193259,0.2714404421193259,0.2714404421193259,1.153011986187526,12.496465274265834,0.40071985125541687,0.27729012072086334,0.27729012072086334,0.27729012072086334,1.143625557422638,11.536345481872559,0.010699205355674538,0.0,0.001,49,0.062429099998553284,3.397099799985881,11.847826086956523,5.0,0.009699205355674537,True,49
0.3925834170409611,0.2707556699003492,0.2707556699003492,0.2707556699003492,1.1501069409506661,12.560590471540179,0.39783747494220734,0.27946142852306366,0.27946142852306366,0.27946142852306366,1.1420954465866089,12.204716682434082,0.009699205355674537,0.0,0.001,50,0.06037169999763137,3.4574714999835123,11.620469083155655,5.0,0.010699205355674538,True,50
0.4030521128858839,0.2697957583836147,0.2697957583836147,0.2697957583836147,1.1451823711395264,12.454790115356445,0.4007948040962219,0.2747512310743332,0.2747512310743332,0.2747512310743332,1.1446601152420044,11.78064775466919,0.010699205355674538,0.0,0.001,51,0.06139020000046003,3.5188616999839724,11.40167364016736,5.0,0.01169920535567454,True,51
0.4122851661273411,0.2742682716676167,0.2742682716676167,0.2742682716676167,1.1424178736550468,11.797117097037178,0.41475123167037964,0.2818635553121567,0.2818635553121567,0.2818635553121567,1.145161747932434,11.358692169189453,0.01169920535567454,0.0,0.001,52,0.0642721000003803,3.5831337999843527,11.190965092402465,5.0,0.01269920535567454,True,52
0.42458451219967436,0.2791863807610103,0.2791863807610103,0.2791863807610103,1.1436274562563216,11.449388231549944,0.4182063192129135,0.27607887983322144,0.27607887983322144,0.27607887983322144,1.1460800170898438,11.1918363571167,0.01269920535567454,0.0,0.001,53,0.06382819999998901,3.6469619999843417,10.987903225806448,5.0,0.013699205355674541,True,53
0.4365541764668056,0.2853706308773586,0.2853706308773586,0.2853706308773586,1.1423521382468087,11.03593499319894,0.4334307760000229,0.2756992131471634,0.2756992131471634,0.2756992131471634,1.1509233713150024,11.51392126083374,0.013699205355674541,0.0,0.001,54,0.06414990000121179,3.7111118999855535,10.792079207920786,5.0,0.014699205355674542,True,54
0.4473051428794861,0.2862163356372288,0.2862163356372288,0.2862163356372288,1.1420893669128418,10.959014211382184,0.4327046573162079,0.2754668891429901,0.2754668891429901,0.2754668891429901,1.136896789073944,10.697023868560791,0.014699205355674542,0.0,0.001,55,0.0659282999986317,3.777040199984185,10.603112840466927,5.0,0.01563831563661318,True,55
0.4549828895500728,0.2866518327168056,0.2866518327168056,0.2866518327168056,1.1385785511561803,10.764014107840401,0.43271440267562866,0.27842217683792114,0.27842217683792114,0.27842217683792114,1.1306189894676208,9.866293907165527,0.01563831563661318,0.0,0.001,56,0.0627889999996114,3.8398291999837966,10.42065009560229,5.0,0.014638315636613178,True,56
0.4428026293005262,0.2831001707485744,0.2831001707485744,0.2831001707485744,1.14763605594635,10.909893035888672,0.4277311712503433,0.28016331791877747,0.28016331791877747,0.28016331791877747,1.1283329129219055,10.080931186676025,0.014638315636613178,0.0,0.001,57,0.06272680000256514,3.9025559999863617,10.244360902255636,5.0,0.013638315636613177,True,57
0.43071891154561726,0.27999293378421236,0.27999293378421236,0.27999293378421236,1.1396194526127406,11.05165617806571,0.4271201938390732,0.2771153002977371,0.2771153002977371,0.2771153002977371,1.135988712310791,10.998784065246582,0.013638315636613177,0.0,0.001,58,0.06298149999929592,3.9655374999856576,10.073937153419593,5.0,0.014638315636613178,True,58
0.444096782377788,0.2839950237955366,0.2839950237955366,0.2839950237955366,1.1441307749067033,10.937170846121651,0.4268718808889389,0.27832674980163574,0.27832674980163574,0.27832674980163574,1.13322913646698,10.147692203521729,0.014638315636613178,0.0,0.001,59,0.061797200000000885,4.0273346999856585,9.909090909090907,5.0,0.01563831563661318,True,59
0.45181502614702496,0.2871465129511697,0.2871465129511697,0.2871465129511697,1.134439298084804,10.529810905456543,0.43997764587402344,0.2822631746530533,0.2822631746530533,0.2822631746530533,1.13493412733078,10.085132122039795,0.01563831563661318,0.0,0.001,60,0.06207139999969513,4.089406099985354,9.749552772808585,5.0,0.01663831563661318,True,60
0.4625981024333409,0.29409640175955637,0.29409640175955637,0.29409640175955637,1.144289187022618,10.1273284639631,0.44025662541389465,0.28273941576480865,0.28273941576480865,0.28273941576480865,1.126855492591858,9.46713638305664,0.01663831563661318,0.0,0.001,61,0.07047370000145747,4.159879799986811,9.595070422535208,5.0,0.01563831563661318,True,61
0.45463171175548006,0.2898652127810887,0.2898652127810887,0.2898652127810887,1.1383218594959803,10.53607668195452,0.43196913599967957,0.28063683211803436,0.28063683211803436,0.28063683211803436,1.1242244243621826,9.677019596099854,0.01563831563661318,0.0,0.001,62,0.06607510000321781,4.225954899990029,9.44540727902946,5.0,0.01663831563661318,True,62
0.46166814650808063,0.2899759369237082,0.2899759369237082,0.2899759369237082,1.1344981363841466,10.31908552987235,0.4440279006958008,0.27692538499832153,0.27692538499832153,0.27692538499832153,1.1331263780593872,10.043234825134277,0.01663831563661318,0.0,0.001,63,0.060955200002354104,4.286910099992383,9.300341296928323,5.0,0.01763831563661318,True,63
0.47169416717120577,0.294324802500861,0.294324802500861,0.294324802500861,1.13412640775953,10.055912562779017,0.4499550610780716,0.27709728479385376,0.27709728479385376,0.27709728479385376,1.1313130855560303,9.800128936767578,0.01763831563661318,0.0,0.001,64,0.06724080000276444,4.3541508999951475,9.159663865546221,5.0,0.01863831563661318,True,64
0.481709931577955,0.2968444653919765,0.2968444653919765,0.2968444653919765,1.133903213909694,9.918570654732841,0.4574715197086334,0.27554334700107574,0.27554334700107574,0.27554334700107574,1.1312181949615479,9.760977268218994,0.01863831563661318,0.0,0.001,65,0.062365200003114296,4.416516099998262,9.02317880794702,5.0,0.019638315636613182,True,65
0.4905878646033151,0.30198495728628977,0.30198495728628977,0.30198495728628977,1.1329542398452759,9.603823116847447,0.4611498862504959,0.2793474346399307,0.2793474346399307,0.2793474346399307,1.1287558674812317,9.257538318634033,0.019638315636613182,0.0,0.001,66,0.06465919999754988,4.481175299995812,8.890701468189235,5.0,0.020638315636613183,True,66
0.49754666856357027,0.3030904659203121,0.3030904659203121,0.3030904659203121,1.1266765253884452,9.422097206115723,0.4665764719247818,0.281872883439064,0.281872883439064,0.281872883439064,1.1253021955490112,8.949548244476318,0.020638315636613183,0.0,0.001,67,0.06174569999711821,4.54292099999293,8.762057877813504,5.0,0.021638315636613184,True,67
0.5092315673828125,0.3121093894754137,0.3121093894754137,0.3121093894754137,1.1264236313956124,9.109867640904017,0.47033363580703735,0.2808810919523239,0.2808810919523239,0.2808810919523239,1.125944972038269,8.755420684814453,0.021638315636613184,0.0,0.001,68,0.06372919999921578,4.606650199992146,8.637083993660859,5.0,0.022638315636613185,True,68
0.5200479456356594,0.31538624848638264,0.31538624848638264,0.31538624848638264,1.1267928225653512,9.04050077710833,0.4745767414569855,0.2827597111463547,0.2827597111463547,0.2827597111463547,1.1205514669418335,8.473114490509033,0.022638315636613185,0.0,0.001,69,0.06639309999809484,4.6730432999902405,8.515625,5.0,0.022213210541703516,True,69
0.5164766311645508,0.3160544293267386,0.3160544293267386,0.3160544293267386,1.1286700453077043,9.022657803126744,0.48098042607307434,0.2798221856355667,0.2798221856355667,0.2798221856355667,1.1226011514663696,9.055793285369873,0.022213210541703516,0.0,0.001,70,0.06259979999958887,4.735643099989829,8.397534668721107,5.0,0.023213210541703517,True,70
0.5211960843631199,0.31580361298152376,0.31580361298152376,0.31580361298152376,1.1240306070872716,8.848085130964007,0.4806362986564636,0.28608183562755585,0.28608183562755585,0.28608183562755585,1.1216406226158142,8.381195545196533,0.023213210541703517,0.0,0.001,71,0.06753380000009201,4.803176899989921,8.282674772036472,5.0,0.02419841827330413,True,71
0.5343088933399746,0.32222225410597666,0.32222225410597666,0.32222225410597666,1.1233915431158883,8.764483860560826,0.485729917883873,0.282925546169281,0.282925546169281,0.282925546169281,1.1173155307769775,8.380893230438232,0.02419841827330413,0.0,0.001,72,0.06341370000154711,4.8665905999914685,8.170914542728639,5.0,0.02519841827330413,True,72
0.5401379295757839,0.32393717765808105,0.32393717765808105,0.32393717765808105,1.1185708556856429,8.579933438982282,0.4843328446149826,0.28388041257858276,0.28388041257858276,0.28388041257858276,1.1140267252922058,7.95496129989624,0.02519841827330413,0.0,0.001,73,0.06056170000010752,4.927152299991576,8.062130177514796,5.0,0.02419841827330413,True,73
0.5287869232041496,0.3261152037552425,0.3261152037552425,0.3261152037552425,1.1198639869689941,8.375411578587123,0.48644137382507324,0.28370827436447144,0.28370827436447144,0.28370827436447144,1.112842082977295,8.377948760986328,0.02419841827330413,0.0,0.001,74,0.06922579999809386,4.99637809998967,7.956204379562045,5.0,0.02519841827330413,True,74
0.5411225642476764,0.3226888179779053,0.3226888179779053,0.3226888179779053,1.1197680234909058,8.668550082615443,0.4889531433582306,0.2871410548686981,0.2871410548686981,0.2871410548686981,1.115629255771637,8.008918762207031,0.02519841827330413,0.0,0.001,75,0.06397669999932987,5.060354799989,7.853025936599423,5.0,0.02619841827330413,True,75
0.5430472322872707,0.32857729281697956,0.32857729281697956,0.32857729281697956,1.11931768485478,8.186369691576276,0.4999424070119858,0.283275842666626,0.283275842666626,0.283275842666626,1.118407130241394,8.270215511322021,0.02619841827330413,0.0,0.001,76,0.063122999999905,5.123477799988905,7.752489331436699,5.0,0.02719841827330413,True,76
0.550063031060355,0.3295032041413443,0.3295032041413443,0.3295032041413443,1.1161785466330392,8.109288488115583,0.5004990696907043,0.285244420170784,0.285244420170784,0.285244420170784,1.1134786009788513,7.914233684539795,0.02719841827330413,0.0,0.001,77,0.060212799999135314,5.18369059998804,7.65449438202247,5.0,0.028198418273304132,True,77
0.5645976407187325,0.3401129330907549,0.3401129330907549,0.3401129330907549,1.1220147609710693,7.960897105080741,0.5174873769283295,0.28751620650291443,0.28751620650291443,0.28751620650291443,1.1138412356376648,8.155462741851807,0.028198418273304132,0.0,0.001,78,0.06188240000119549,5.2455729999892355,7.558945908460473,5.0,0.029198418273304133,True,78
0.5734504120690482,0.33798121554510935,0.33798121554510935,0.33798121554510935,1.1129561832972936,8.064450740814209,0.49629630148410797,0.28819210827350616,0.28819210827350616,0.28819210827350616,1.1040101051330566,7.127242088317871,0.029198418273304133,0.0,0.001,79,0.06354199999987031,5.309114999989106,7.465753424657535,5.0,0.028198418273304132,True,79
0.5650814686502729,0.33939459919929504,0.33939459919929504,0.33939459919929504,1.1120743581226893,8.00352941240583,0.4980096071958542,0.2834729254245758,0.2834729254245758,0.2834729254245758,1.1078524589538574,7.608109951019287,0.028198418273304132,0.0,0.001,80,0.060831900002085604,5.3699468999911915,7.374830852503379,5.0,0.029198418273304133,True,80
0.5650068180901664,0.33898456181798664,0.33898456181798664,0.33898456181798664,1.1182690518242973,7.740907873426165,0.5053894519805908,0.29063209891319275,0.29063209891319275,0.29063209891319275,1.1083065271377563,7.355102300643921,0.029198418273304133,0.0,0.001,81,0.0643478000019968,5.434294699993188,7.286096256684488,5.0,0.029888478712898466,True,81
0.5763390149388995,0.3465170519692557,0.3465170519692557,0.3465170519692557,1.1117902142660958,7.689316272735596,0.5242458581924438,0.29281096160411835,0.29281096160411835,0.29281096160411835,1.1084856390953064,7.74328088760376,0.029888478712898466,0.0,0.001,82,0.06016680000175256,5.494461499994941,7.199471598414796,5.0,0.030888478712898466,True,82
0.5869389602116176,0.3513762184551784,0.3513762184551784,0.3513762184551784,1.1114371163504464,7.626233169010708,0.5183669328689575,0.2977585643529892,0.2977585643529892,0.2977585643529892,1.1041609644889832,7.142091512680054,0.030888478712898466,0.0,0.001,83,0.059864399998332374,5.554325899993273,7.114882506527415,5.0,0.03116056877442485,True,83
0.5875171082360404,0.3520406186580658,0.3520406186580658,0.3520406186580658,1.1080624546323503,7.556874070848737,0.5260541439056396,0.2886270433664322,0.2886270433664322,0.2886270433664322,1.1062608361244202,7.61947226524353,0.03116056877442485,0.0,0.001,84,0.061037399998895125,5.615363299992168,7.032258064516128,5.0,0.03216056877442485,True,84
0.5868955680302211,0.3482135023389544,0.3482135023389544,0.3482135023389544,1.1075304576328822,7.421575001307896,0.5119832158088684,0.29284028708934784,0.29284028708934784,0.29284028708934784,1.0996143221855164,6.814024209976196,0.03216056877442485,0.0,0.001,85,0.06601030000092578,5.681373599993094,6.951530612244902,5.0,0.03116056877442485,True,85
0.5842362216540745,0.349578069789069,0.349578069789069,0.349578069789069,1.1063608271735055,7.530612196241107,0.5142867863178253,0.2887212932109833,0.2887212932109833,0.2887212932109833,1.0965926051139832,7.238811492919922,0.03116056877442485,0.0,0.001,86,0.06340269999782322,5.744776299990917,6.872635561160152,5.0,0.03216056877442485,True,86
0.5885546803474426,0.34664621523448397,0.34664621523448397,0.34664621523448397,1.103541646684919,7.5218962260655,0.5189923048019409,0.2888920158147812,0.2888920158147812,0.2888920158147812,1.099721074104309,7.154732942581177,0.03216056877442485,0.0,0.001,87,0.06296999999904074,5.807746299989958,6.795511221945134,5.0,0.03316056877442485,True,87
0.5957841447421482,0.3538086286612919,0.3538086286612919,0.3538086286612919,1.1042264018739973,7.29708617074149,0.5321962833404541,0.2884140908718109,0.2884140908718109,0.2884140908718109,1.1069198846817017,7.351568698883057,0.03316056877442485,0.0,0.001,88,0.06107989999873098,5.868826199988689,6.720098643649813,5.0,0.03416056877442485,True,88
0.6003122840608869,0.3560983879225595,0.3560983879225595,0.3560983879225595,1.101865223475865,7.148999827248709,0.5352050960063934,0.2903915047645569,0.2903915047645569,0.2903915047645569,1.0979987978935242,7.166554689407349,0.03416056877442485,0.0,0.001,89,0.061090999999578344,5.929917199988267,6.646341463414636,5.0,0.035160568774424854,True,89
0.6103859288351876,0.3603852689266205,0.3603852689266205,0.3603852689266205,1.101828592164176,7.110256944383893,0.5223480761051178,0.2902304530143738,0.2902304530143738,0.2902304530143738,1.0969605445861816,6.601646184921265,0.035160568774424854,0.0,0.001,90,0.06483139999909326,5.994748599987361,6.57418576598311,5.0,0.035435172963806404,True,90
0.609823967729296,0.3607075640133449,0.3607075640133449,0.3607075640133449,1.106615083558219,7.030201366969517,0.5272015035152435,0.29123178124427795,0.29123178124427795,0.29123178124427795,1.0943200588226318,6.6591949462890625,0.035435172963806404,0.0,0.001,91,0.06025779999981751,6.055006399987178,6.503579952267302,5.0,0.036435172963806405,True,91
0.6179486427988324,0.3646960088184902,0.3646960088184902,0.3646960088184902,1.0980912957872664,6.9507734434945245,0.5296035408973694,0.2964574247598648,0.2964574247598648,0.2964574247598648,1.088775396347046,6.398930549621582,0.036435172963806405,0.0,0.001,92,0.06469660000220756,6.119702999989386,6.434474616292796,5.0,0.03607973229709426,True,92
0.6092740212168012,0.3591267594269344,0.3591267594269344,0.3591267594269344,1.0951467752456665,6.93317985534668,0.5246829986572266,0.2976968139410019,0.2976968139410019,0.2976968139410019,1.0923951268196106,6.29123854637146,0.03607973229709426,0.0,0.001,93,0.06339870000010706,6.183101699989493,6.3668224299065415,5.0,0.035323893461743444,True,93
0.612291659627642,0.3693069134439741,0.3693069134439741,0.3693069134439741,1.098196268081665,6.878764561244419,0.5426545143127441,0.2946833372116089,0.2946833372116089,0.2946833372116089,1.097200870513916,7.019927740097046,0.035323893461743444,0.0,0.001,94,0.05971689999933005,6.242818599988823,6.300578034682083,5.0,0.036323893461743445,True,94
0.6173385296549115,0.36857228193964275,0.36857228193964275,0.36857228193964275,1.0985876321792603,6.848556654793875,0.5376675724983215,0.2941720187664032,0.2941720187664032,0.2941720187664032,1.0944562554359436,6.703454256057739,0.036323893461743445,0.0,0.001,95,0.060415399999328656,6.3032339999881515,6.235697940503435,5.0,0.037323893461743446,True,95
0.6180879047938755,0.3650481573172978,0.3650481573172978,0.3650481573172978,1.0935907193592616,6.779564721243722,0.5301978886127472,0.2960919737815857,0.2960919737815857,0.2960919737815857,1.091086983680725,6.272280693054199,0.037323893461743446,0.0,0.001,96,0.06540809999933117,6.368642099987483,6.172140430351078,5.0,0.03832389346174345,True,96
0.6277291859899249,0.37084350841385977,0.37084350841385977,0.37084350841385977,1.0948252167020525,6.70301628112793,0.5277845561504364,0.30015842616558075,0.30015842616558075,0.30015842616558075,1.085544228553772,5.939536094665527,0.03832389346174345,0.0,0.001,97,0.06207440000071074,6.430716499988193,6.109865470852014,5.0,0.037323893461743446,True,97
0.6204426544053214,0.37320213658469065,0.37320213658469065,0.37320213658469065,1.091513650757926,6.624189036233084,0.5452219247817993,0.2984613925218582,0.2984613925218582,0.2984613925218582,1.0897119045257568,6.611328840255737,0.037323893461743446,0.0,0.001,98,0.06291280000004917,6.493629299988243,6.048834628190896,5.0,0.03832389346174345,True,98
0.6297693252563477,0.37395139251436504,0.37395139251436504,0.37395139251436504,1.0916662045887537,6.675155230930874,0.5450304746627808,0.2945903241634369,0.2945903241634369,0.2945903241634369,1.090273678302765,6.534830331802368,0.03832389346174345,0.0,0.001,99,0.059474199999385746,6.553103499987628,5.989010989010993,5.0,0.03932389346174345,True,99
0.6314363735062736,0.36567969407354084,0.36567969407354084,0.36567969407354084,1.0952142817633492,6.758148125239781,0.5343523323535919,0.30238476395606995,0.30238476395606995,0.30238476395606995,1.082801878452301,5.898895978927612,0.03932389346174345,0.0,0.001,100,0.05996469999809051,6.613068199985719,5.930359085963005,5.0,0.03900926239138952,True,100
0.6303478990282331,0.3804344279425485,0.3804344279425485,0.3804344279425485,1.090055295399257,6.4065165519714355,0.5538947284221649,0.29961003363132477,0.29961003363132477,0.29961003363132477,1.0866076350212097,6.518571615219116,0.03900926239138952,0.0,0.001,101,0.058598600000550505,6.671666799986269,5.872844827586206,5.0,0.04000926239138952,True,101
0.6394854698862348,0.38343742064067293,0.38343742064067293,0.38343742064067293,1.0859655823026384,6.39971923828125,0.5512141287326813,0.29773345589637756,0.29773345589637756,0.29773345589637756,1.0860148668289185,6.335549831390381,0.04000926239138952,0.0,0.001,102,0.06096310000066296,6.732629899986932,5.81643543223052,5.0,0.04100926239138952,True,102
0.6407790013722011,0.374567266021456,0.374567266021456,0.374567266021456,1.0872315849576677,6.491502966199603,0.53242427110672,0.3024400770664215,0.3024400770664215,0.3024400770664215,1.0793396830558777,5.60810399055481,0.04100926239138952,0.0,0.001,103,0.06050699999832432,6.793136899985257,5.761099365750525,5.0,0.04000926239138952,True,103
0.6410935776574271,0.38132151535579134,0.38132151535579134,0.38132151535579134,1.0873875958578927,6.492797647203718,0.5554079711437225,0.29907339811325073,0.29907339811325073,0.29907339811325073,1.0873647332191467,6.406880617141724,0.04000926239138952,0.0,0.001,104,0.061763300000166055,6.854900199985423,5.706806282722511,5.0,0.04100926239138952,True,104
0.6395966921533857,0.38040910022599356,0.38040910022599356,0.38040910022599356,1.081930160522461,6.320221015385219,0.5455059111118317,0.301888182759285,0.301888182759285,0.301888182759285,1.0827178955078125,5.940554141998291,0.04100926239138952,0.0,0.001,105,0.061584099999890896,6.9164842999853136,5.65352697095436,5.0,0.042009262391389524,True,105
0.650059563773019,0.3802770972251892,0.3802770972251892,0.3802770972251892,1.0926931415285384,6.421975816999163,0.544182300567627,0.3052278161048889,0.3052278161048889,0.3052278161048889,1.0802985429763794,5.688137531280518,0.042009262391389524,0.0,0.001,106,0.059014700000261655,6.975498999985575,5.601233299075027,5.0,0.042878304713444435,True,106
0.6539481197084699,0.3844977021217346,0.3844977021217346,0.3844977021217346,1.0869338171822684,6.284073420933315,0.5553883016109467,0.29937975108623505,0.29937975108623505,0.29937975108623505,1.083660900592804,5.9705846309661865,0.042878304713444435,0.0,0.001,107,0.062162799997167895,7.037661799982743,5.549898167006106,5.0,0.043878304713444435,True,107
0.6633268254143851,0.4011735107217516,0.4011735107217516,0.4011735107217516,1.083379796573094,5.974554266248431,0.5795086622238159,0.3036969304084778,0.3036969304084778,0.3036969304084778,1.0865763425827026,6.285834074020386,0.043878304713444435,0.0,0.001,108,0.05915870000171708,7.09682049998446,5.499495459132191,5.0,0.044878304713444436,True,108
0.6637524025780814,0.3820275834628514,0.3820275834628514,0.3820275834628514,1.0894567625863212,6.277528081621442,0.5428997874259949,0.3081051707267761,0.3081051707267761,0.3081051707267761,1.0758495330810547,5.231806516647339,0.044878304713444436,0.0,0.001,109,0.06557640000028186,7.162396899984742,5.450000000000003,5.0,0.043878304713444435,True,109
0.6532741699899945,0.3948988914489746,0.3948988914489746,0.3948988914489746,1.0805219411849976,5.88845157623291,0.5674222409725189,0.30513545870780945,0.30513545870780945,0.30513545870780945,1.0797930359840393,5.977596282958984,0.043878304713444435,0.0,0.001,110,0.06237719999990077,7.224774099984643,5.401387512388503,5.0,0.044878304713444436,True,110
0.6616224135671344,0.39360974941934856,0.39360974941934856,0.39360974941934856,1.0791260514940535,5.971987724304199,0.5568959414958954,0.3040999174118042,0.3040999174118042,0.3040999174118042,1.078801453113556,5.632923364639282,0.044878304713444436,0.0,0.001,111,0.06369599999743514,7.288470099982078,5.353634577603145,5.0,0.04587830471344444,True,111
0.663422771862575,0.3892985241753714,0.3892985241753714,0.3892985241753714,1.0771743059158325,5.97503001349313,0.5666508972644806,0.30212539434432983,0.30212539434432983,0.30212539434432983,1.0798690915107727,5.765807867050171,0.04587830471344444,0.0,0.001,112,0.06383609999829787,7.352306199980376,5.306718597857838,5.0,0.04687830471344444,True,112
0.6775338564600263,0.3973849288054875,0.3973849288054875,0.3973849288054875,1.0824894053595406,5.97608927318028,0.565586507320404,0.3069337010383606,0.3069337010383606,0.3069337010383606,1.0766332149505615,5.517537593841553,0.04687830471344444,0.0,0.001,113,0.06206260000180919,7.414368799982185,5.260617760617762,5.0,0.04787830471344444,True,113
0.6752412063734872,0.40550167645726887,0.40550167645726887,0.40550167645726887,1.0810070378439767,5.633856977735247,0.5743055045604706,0.3071431964635849,0.3071431964635849,0.3071431964635849,1.0780973434448242,5.580028295516968,0.04787830471344444,0.0,0.001,114,0.06856409999818425,7.482932899980369,5.215311004784688,5.0,0.04887830471344444,True,114
0.6848428845405579,0.4004501444952829,0.4004501444952829,0.4004501444952829,1.0824484314237321,5.818383898053851,0.5699076354503632,0.31614460051059723,0.31614460051059723,0.31614460051059723,1.0728463530540466,5.191730976104736,0.04887830471344444,0.0,0.001,115,0.06400709999797982,7.546939999978349,5.170777988614802,5.0,0.04908783458834379,True,115
0.6867215292794364,0.4128280622618539,0.4128280622618539,0.4128280622618539,1.0746228694915771,5.579661096845355,0.5804580450057983,0.3069227933883667,0.3069227933883667,0.3069227933883667,1.0778015851974487,5.572364091873169,0.04908783458834379,0.0,0.001,116,0.06308480000006966,7.610024799978419,5.126999059266225,5.0,0.05008783458834379,True,116
0.690312922000885,0.41519807066236225,0.41519807066236225,0.41519807066236225,1.0786467450005668,5.492648124694824,0.5747813582420349,0.3161256015300751,0.3161256015300751,0.3161256015300751,1.0711495876312256,5.164042949676514,0.05008783458834379,0.0,0.001,117,0.061165999999502674,7.671190799977921,5.083955223880601,5.0,0.05088871184630292,True,117
0.6968677725110736,0.42237483177866253,0.42237483177866253,0.42237483177866253,1.0721086263656616,5.393984590257917,0.5845845937728882,0.31226472556591034,0.31226472556591034,0.31226472556591034,1.0746288299560547,5.3512818813323975,0.05088871184630292,0.0,0.001,118,0.0592975999970804,7.730488399975002,5.0416281221091594,5.0,0.05188871184630292,True,118
0.7095623186656407,0.4176503334726606,0.4176503334726606,0.4176503334726606,1.0758677210126604,5.625731876918247,0.5776572525501251,0.32042431831359863,0.32042431831359863,0.32042431831359863,1.0665907263755798,4.957396984100342,0.05188871184630292,0.0,0.001,119,0.061968699999852106,7.792457099974854,5.0,5.0,0.05146268168730634,True,119
0.7104017223630633,0.4266412854194641,0.4266412854194641,0.4266412854194641,1.069268328802926,5.5139071600777765,0.6028957664966583,0.31422159075737,0.31422159075737,0.31422159075737,1.0719147324562073,5.609388828277588,0.05146268168730634,0.0,0.001,120,0.06553720000010799,7.857994299974962,5.0,5.0,0.05755656997008222,True,120
0.7365491560527256,0.44352089932986666,0.44352089932986666,0.44352089932986666,1.0664854901177543,5.09113461630685,0.5952682197093964,0.31928838789463043,0.31928838789463043,0.31928838789463043,1.0691099762916565,4.794931650161743,0.05755656997008222,0.0,0.001,121,0.06153890000132378,7.919533199976286,5.0,5.0,0.05550588647169965,True,121
0.7201288768223354,0.42495232820510864,0.42495232820510864,0.42495232820510864,1.070321457726615,5.317932401384626,0.592322826385498,0.32267867028713226,0.32267867028713226,0.32267867028713226,1.0662299394607544,4.857938528060913,0.05550588647169965,0.0,0.001,122,0.06560760000138544,7.985140799977671,5.0,5.0,0.05408527175230878,True,122
0.7153372253690448,0.4402707687446049,0.4402707687446049,0.4402707687446049,1.0697651420320784,5.085791792188372,0.6054143309593201,0.3200402855873108,0.3200402855873108,0.3200402855873108,1.0712798833847046,5.276372671127319,0.05408527175230878,0.0,0.001,123,0.06497000000308617,8.050110799980757,5.0,5.0,0.056848998463581976,True,123
0.736167311668396,0.44191194432122366,0.44191194432122366,0.44191194432122366,1.0658176796776908,5.176086970738003,0.5960861444473267,0.31996022164821625,0.31996022164821625,0.31996022164821625,1.0646578669548035,4.8571813106536865,0.056848998463581976,0.0,0.001,124,0.06536779999805731,8.115478599978815,5.0,5.0,0.05542081157011884,True,124
0.7174043314797538,0.41842308214732576,0.41842308214732576,0.41842308214732576,1.068765299660819,5.39474664415632,0.580825537443161,0.32872474193573,0.32872474193573,0.32872474193573,1.0630146265029907,4.548847198486328,0.05542081157011884,0.0,0.001,125,0.05842730000222218,8.173905899981037,5.0,5.0,0.05090928355498212,True,125
0.7022435665130615,0.4423040066446577,0.4423040066446577,0.4423040066446577,1.073284591947283,5.105936186654227,0.6059572398662567,0.31834664940834045,0.31834664940834045,0.31834664940834045,1.0682023167610168,5.64947247505188,0.05090928355498212,0.0,0.001,126,0.059048799997981405,8.232954699979018,5.0,5.0,0.05740400830550092,True,126
0.7335319689341954,0.43275522334235056,0.43275522334235056,0.43275522334235056,1.066361972263881,5.23964718409947,0.569389671087265,0.32488255202770233,0.32488255202770233,0.32488255202770233,1.059139609336853,4.259408712387085,0.05740400830550092,0.0,0.001,127,0.05995160000020405,8.292906299979222,5.0,5.0,0.049998095429371774,True,127
0.6925504037312099,0.4201019746916635,0.4201019746916635,0.4201019746916635,1.0664902584893363,5.449176039014544,0.6053195297718048,0.3208453357219696,0.3208453357219696,0.3208453357219696,1.0687840580940247,5.6897008419036865,0.049998095429371774,0.0,0.001,128,0.06318880000253557,8.356095099981758,5.0,5.0,0.05689510384840864,True,128
0.736445929322924,0.45374071172305513,0.45374071172305513,0.45374071172305513,1.0660138130187988,4.968884876796177,0.5886780619621277,0.32679782807826996,0.32679782807826996,0.32679782807826996,1.06260085105896,4.602860689163208,0.05689510384840864,0.0,0.001,129,0.06166320000193082,8.417758299983689,5.0,5.0,0.052923710740040715,True,129
0.7062456607818604,0.4226705176489694,0.4226705176489694,0.4226705176489694,1.071522491318839,5.358187402997698,0.5895522832870483,0.32120779156684875,0.32120779156684875,0.32120779156684875,1.0671328902244568,5.070401668548584,0.052923710740040715,0.0,0.001,130,0.06333900000026915,8.481097299983958,5.0,5.0,0.05362772742552655,True,130
0.7035811032567706,0.43304298179490225,0.43304298179490225,0.43304298179490225,1.0595624617167883,5.044743469783238,0.5844169557094574,0.31918610632419586,0.31918610632419586,0.31918610632419586,1.064639925956726,4.9457783699035645,0.05362772742552655,0.0,0.0007,131,0.06386829999973997,8.544965599983698,5.0,5.0,0.053085511124562196,True,131
0.6981650420597622,0.4129176139831543,0.4129176139831543,0.4129176139831543,1.0685195752552576,5.373357704707554,0.5799728035926819,0.3188196271657944,0.3188196271657944,0.3188196271657944,1.0639219880104065,4.91948127746582,0.053085511124562196,0.0,0.0007,132,0.06582710000293446,8.610792699986632,5.0,5.0,0.052280323899220396,True,132
0.6969776323863438,0.4266891138894217,0.4266891138894217,0.4266891138894217,1.0704473427363805,5.169985362461635,0.5819846391677856,0.31697504222393036,0.31697504222393036,0.31697504222393036,1.0678624510765076,5.06901216506958,0.052280323899220396,0.0,0.0007,133,0.05864870000004885,8.669441399986681,5.0,5.0,0.052970445549916194,True,133
0.6992574078696114,0.4183257647923061,0.4183257647923061,0.4183257647923061,1.0710217952728271,5.303554330553327,0.5808423161506653,0.31796620786190033,0.31796620786190033,0.31796620786190033,1.0664098262786865,4.96269416809082,0.052970445549916194,0.0,0.0007,134,0.060236699999222765,8.729678099985904,5.0,5.0,0.0525973872308244,True,134
0.6967400738171169,0.4201792819159372,0.4201792819159372,0.4201792819159372,1.0738990477153234,5.258070945739746,0.5933063626289368,0.31451086699962616,0.31451086699962616,0.31451086699962616,1.0685292482376099,5.30055832862854,0.0525973872308244,0.0,0.0007,135,0.06231810000099358,8.791996199986897,5.0,5.0,0.055602970517109794,True,135
0.7147750343595233,0.4145075721400125,0.4145075721400125,0.4145075721400125,1.0722071783883231,5.400205135345459,0.5791387259960175,0.3174954056739807,0.3174954056739807,0.3174954056739807,1.0630438923835754,4.70556378364563,0.055602970517109794,0.0,0.0007,136,0.059510499999305466,8.851506699986203,5.0,5.0,0.052658608353566096,True,136
0.6987264411790031,0.42577519587108065,0.42577519587108065,0.42577519587108065,1.0702851499829973,5.183411393846784,0.5946662425994873,0.31506000459194183,0.31506000459194183,0.31506000459194183,1.067538559436798,5.309791564941406,0.052658608353566096,0.0,0.0007,137,0.06434019999869633,8.9158468999849,5.0,5.0,0.05575652400298016,True,137
0.714839083807809,0.41474951590810505,0.41474951590810505,0.41474951590810505,1.0675650153841292,5.382142884390695,0.5786322057247162,0.31787949800491333,0.31787949800491333,0.31787949800491333,1.0616214275360107,4.676631450653076,0.05575652400298016,0.0,0.00049,138,0.059670000002370216,8.97551689998727,5.0,5.0,0.05252283850951092,True,138
0.6869412405150277,0.4226128118378775,0.4226128118378775,0.4226128118378775,1.0631746905190604,5.032637936728341,0.5832031071186066,0.31404101848602295,0.31404101848602295,0.31404101848602295,1.0656010508537292,5.1246678829193115,0.05252283850951092,0.0,0.00049,139,0.06376190000082715,9.039278799988097,5.0,5.0,0.05376951733870404,True,139
0.7026760152408055,0.410231671163014,0.410231671163014,0.410231671163014,1.0668118170329504,5.438849857875279,0.5881280899047852,0.31532078981399536,0.31532078981399536,0.31532078981399536,1.064663052558899,5.0736424922943115,0.05376951733870404,0.0,0.00049,140,0.07101419999889913,9.110292999986996,5.0,5.0,0.05450594226164716,True,140
0.7023437193461827,0.416999808379582,0.416999808379582,0.416999808379582,1.065681082861764,5.235097476414272,0.5781228542327881,0.31369397044181824,0.31369397044181824,0.31369397044181824,1.0629723072052002,4.851377725601196,0.05450594226164716,0.0,0.00049,141,0.06401049999840325,9.174303499985399,5.0,5.0,0.05301971951765912,True,141
0.6894121425492423,0.4094945064612797,0.4094945064612797,0.4094945064612797,1.0664945329938615,5.279500484466553,0.5856059789657593,0.3116041272878647,0.3116041272878647,0.3116041272878647,1.0663561820983887,5.167923450469971,0.05301971951765912,0.0,0.00049,142,0.06523809999998775,9.239541599985387,5.0,5.0,0.054698954022358824,True,142
0.700510595526014,0.4091578083378928,0.4091578083378928,0.4091578083378928,1.0655516726630074,5.326478140694754,0.582330733537674,0.3142295181751251,0.3142295181751251,0.3142295181751251,1.065193772315979,4.901395797729492,0.054698954022358824,0.0,0.00049,143,0.06940659999963827,9.308948199985025,5.0,5.0,0.053712911999653744,True,143
0.6934556875910077,0.41513744848115103,0.41513744848115103,0.41513744848115103,1.0674843106951033,5.181589262826102,0.5811844170093536,0.3129362314939499,0.3129362314939499,0.3129362314939499,1.0645468831062317,4.994109630584717,0.053712911999653744,0.0,0.00049,144,0.09083860000100685,9.399786799986032,5.0,5.0,0.05365400830550091,True,144
0.6961036920547485,0.4132774429661887,0.4132774429661887,0.4132774429661887,1.064044373376029,5.27129772731236,0.5884524881839752,0.3131250888109207,0.3131250888109207,0.3131250888109207,1.0670678615570068,5.131535053253174,0.05365400830550091,0.0,0.00049,145,0.07736490000024787,9.47715169998628,5.0,5.0,0.05496935883803265,True,145
0.6989242008754185,0.4123134655611856,0.4123134655611856,0.4123134655611856,1.0671383823667253,5.214008740016392,0.5783059000968933,0.31366878747940063,0.31366878747940063,0.31366878747940063,1.0658957958221436,4.814265489578247,0.05496935883803265,0.0,0.00049,146,0.06689379999806988,9.54404549998435,5.0,5.0,0.053112013733815126,True,146
0.6934526562690735,0.4144077641623361,0.4144077641623361,0.4144077641623361,1.0700276068278722,5.253893988473075,0.5883554220199585,0.31318196654319763,0.31318196654319763,0.31318196654319763,1.068063735961914,5.181001663208008,0.053112013733815126,0.0,0.00049,147,0.0617965000019467,9.605841999986296,5.0,5.0,0.05492203036589521,True,147
0.7009556804384504,0.4050852060317993,0.4050852060317993,0.4050852060317993,1.0716506413051061,5.3871002197265625,0.5846260190010071,0.3138645887374878,0.3138645887374878,0.3138645887374878,1.0663219690322876,4.9299235343933105,0.05492203036589521,0.0,0.00049,148,0.06439929999760352,9.6702412999839,5.0,5.0,0.05422126570982831,True,148
0.6930653282574245,0.416149194751467,0.416149194751467,0.416149194751467,1.0702776397977556,5.107149941580636,0.5816460847854614,0.31290504336357117,0.31290504336357117,0.31290504336357117,1.0654124021530151,4.956376791000366,0.05422126570982831,0.0,0.00049,149,0.060255900003539864,9.73049719998744,5.0,5.0,0.05378503361983197,True,149
0.688848214490073,0.4033333361148834,0.4033333361148834,0.4033333361148834,1.0647908449172974,5.308444568089077,0.5783714652061462,0.3166494220495224,0.3166494220495224,0.3166494220495224,1.0635509490966797,4.866075754165649,0.05378503361983197,0.0,0.00049,150,0.06763859999773558,9.798135799985175,5.0,5.0,0.05244579116148847,True,150
0.6863263504845756,0.41939052087920053,0.41939052087920053,0.41939052087920053,1.0659877572740828,5.089747701372419,0.5740765929222107,0.3118097633123398,0.3118097633123398,0.3118097633123398,1.0672418475151062,5.000722169876099,0.05244579116148847,0.0,0.00049,151,0.05927270000029239,9.857408499985468,5.0,5.0,0.052453012860249455,True,151
0.687594107219151,0.40084910818508696,0.40084910818508696,0.40084910818508696,1.0728474174227034,5.466702325003488,0.5828540027141571,0.31189244985580444,0.31189244985580444,0.31189244985580444,1.0661455988883972,5.165796279907227,0.052453012860249455,0.0,0.00049,152,0.06179369999881601,9.919202199984284,5.0,5.0,0.05411097565932172,True,152
0.6987810560635158,0.41233321172850473,0.41233321172850473,0.41233321172850473,1.065401826586042,5.293710844857352,0.5844225883483887,0.31330929696559906,0.31330929696559906,0.31330929696559906,1.0646494626998901,5.010319948196411,0.05411097565932172,0.0,0.00049,153,0.06836130000010598,9.98756349998439,5.0,5.0,0.054214175141285834,True,153
0.6932131562914167,0.4060426141534533,0.4060426141534533,0.4060426141534533,1.0689420189176286,5.296964304787772,0.5764374732971191,0.31448112428188324,0.31448112428188324,0.31448112428188324,1.0635494589805603,4.831879377365112,0.054214175141285834,0.0,0.00049,154,0.06807219999973313,10.055635699984123,5.0,5.0,0.05253296891493696,True,154
0.6813039013317653,0.41378452096666607,0.41378452096666607,0.41378452096666607,1.069256339754377,5.092409338269915,0.5695235133171082,0.31261640787124634,0.31261640787124634,0.31261640787124634,1.06466805934906,4.890397548675537,0.05253296891493696,0.0,0.00049,155,0.0643010999992839,10.119936799983407,5.0,5.0,0.05143694440169233,True,155
0.6852719272886004,0.4144137842314584,0.4144137842314584,0.4144137842314584,1.0687168666294642,5.265828677586147,0.5832461416721344,0.3097364902496338,0.3097364902496338,0.3097364902496338,1.0687835216522217,5.31737756729126,0.05143694440169233,0.0,0.00049,156,0.0648209000028146,10.184757699986221,5.0,5.0,0.05461072007460493,True,156
0.6990979824747358,0.3950717917510441,0.3950717917510441,0.3950717917510441,1.064779826572963,5.567151887076242,0.5837590098381042,0.3140982836484909,0.3140982836484909,0.3140982836484909,1.0651231408119202,4.93787145614624,0.05461072007460493,0.0,0.00049,157,0.06513940000149887,10.24989709998772,5.0,5.0,0.053989434636067334,True,157
0.6926167266709464,0.4175800893987928,0.4175800893987928,0.4175800893987928,1.063288927078247,5.094267300197056,0.5806489586830139,0.3111423850059509,0.3111423850059509,0.3111423850059509,1.0663346648216248,4.991838455200195,0.053989434636067334,0.0,0.00049,158,0.062273899999127025,10.312170999986847,5.0,5.0,0.053907819188069285,True,158
0.6885027970586505,0.3970006448881967,0.3970006448881967,0.3970006448881967,1.065367375101362,5.407418727874756,0.5841439068317413,0.31188395619392395,0.31188395619392395,0.31188395619392395,1.0662190318107605,5.0504724979400635,0.053907819188069285,0.0,0.00049,159,0.06164579999676789,10.373816799983615,5.0,5.0,0.05441254416746992,True,159
0.6927751302719116,0.41376075574329924,0.41376075574329924,0.41376075574329924,1.0671185936246599,5.127758298601423,0.5718763172626495,0.3135950118303299,0.3135950118303299,0.3135950118303299,1.0645724534988403,4.746723651885986,0.05441254416746992,0.0,0.00049,160,0.06915099999969243,10.442967799983307,5.0,5.0,0.051879780686329785,True,160
0.6856221726962498,0.41505000846726553,0.41505000846726553,0.41505000846726553,1.0698424918310983,5.215368066515241,0.5884566307067871,0.3109782040119171,0.3109782040119171,0.3109782040119171,1.0670581459999084,5.348489046096802,0.051879780686329785,0.0,0.00049,161,0.06131450000248151,10.504282299985789,5.0,5.0,0.0553646711472978,True,161
0.704937756061554,0.3986177018710545,0.3986177018710545,0.3986177018710545,1.0688862630299159,5.532771451132638,0.5865736901760101,0.3099035173654556,0.3099035173654556,0.3099035173654556,1.0656183362007141,4.997232913970947,0.0553646711472978,0.0,0.00049,162,0.06354149999970105,10.56782379998549,5.0,5.0,0.055337000287007276,True,162
0.7011699846812657,0.4137994093554361,0.4137994093554361,0.4137994093554361,1.067203164100647,5.1930999755859375,0.5823200047016144,0.3136805295944214,0.3136805295944214,0.3136805295944214,1.0644752979278564,4.854608058929443,0.055337000287007276,0.0,0.000343,163,0.07098469999982626,10.638808499985316,5.0,5.0,0.05388308087630171,True,163
0.6923635005950928,0.41467277492795673,0.41467277492795673,0.41467277492795673,1.0642924479075841,5.153579439435687,0.5804443955421448,0.31122276186943054,0.31122276186943054,0.31122276186943054,1.065366268157959,4.99640417098999,0.05388308087630171,0.0,0.000343,164,0.061037299998133676,10.69984579998345,5.0,5.0,0.05384712258620161,True,164
0.6909865481512887,0.40528506466320585,0.40528506466320585,0.40528506466320585,1.0665099109922136,5.305789061955044,0.5807800590991974,0.3090684860944748,0.3090684860944748,0.3090684860944748,1.0658806562423706,5.045981168746948,0.05384712258620161,0.0,0.000343,165,0.06346180000036838,10.763307599983818,5.0,5.0,0.054306934273671094,True,165
0.6900507892881121,0.4067769944667816,0.4067769944667816,0.4067769944667816,1.0653488295418876,5.216162409101214,0.5757746696472168,0.30947084724903107,0.30947084724903107,0.30947084724903107,1.0647897124290466,4.903679132461548,0.054306934273671094,0.0,0.000343,166,0.059213199998339405,10.822520799982158,5.0,5.0,0.053343725598286575,True,166
0.6871044039726257,0.40899009363991873,0.40899009363991873,0.40899009363991873,1.066628439085824,5.213627338409424,0.5791343450546265,0.3078071177005768,0.3078071177005768,0.3078071177005768,1.0666362643241882,5.086394309997559,0.053343725598286575,0.0,0.000343,167,0.06106809999982943,10.883588899981987,5.0,5.0,0.054207668698262164,True,167
0.6856684855052403,0.39909481150763376,0.39909481150763376,0.39909481150763376,1.0666887249265398,5.2865891456604,0.5775178074836731,0.30976806581020355,0.30976806581020355,0.30976806581020355,1.0658683776855469,4.93933367729187,0.054207668698262164,0.0,0.00024009999999999998,168,0.06128249999892432,10.944871399980912,5.0,5.0,0.053601005471180865,True,168
0.6894793510437012,0.41266446879931856,0.41266446879931856,0.41266446879931856,1.0665947028568812,5.164359842027936,0.5779609680175781,0.30974043905735016,0.30974043905735016,0.30974043905735016,1.0659180879592896,5.004020690917969,0.053601005471180865,0.0,0.00024009999999999998,169,0.06123930000103428,11.006110699981946,5.0,5.0,0.053641212380360556,True,169
0.6888696040425982,0.3976839780807495,0.3976839780807495,0.3976839780807495,1.0655088765280587,5.428393704550607,0.5900828242301941,0.3071030229330063,0.3071030229330063,0.3071030229330063,1.0677117705345154,5.275417804718018,0.053641212380360556,0.0,0.00024009999999999998,170,0.05902720000085537,11.065137899982801,5.0,5.0,0.05639539042754073,True,170
0.6993147219930377,0.39664749588285175,0.39664749588285175,0.39664749588285175,1.0672481230327062,5.36687878199986,0.5831406712532043,0.3121403306722641,0.3121403306722641,0.3121403306722641,1.0638319849967957,4.805363416671753,0.05639539042754073,0.0,0.00024009999999999998,171,0.06476680000196211,11.129904699984763,5.0,5.0,0.05444902459425826,True,171
0.6873799647603717,0.41610100865364075,0.41610100865364075,0.41610100865364075,1.0615210703441076,4.982255390712193,0.5731571912765503,0.3109012395143509,0.3109012395143509,0.3109012395143509,1.064982831478119,4.816540718078613,0.05444902459425826,0.0,0.00024009999999999998,172,0.06390679999822169,11.193811499982985,5.0,5.0,0.05261443177504439,True,172
0.6846931832177299,0.41085003529276165,0.41085003529276165,0.41085003529276165,1.064204454421997,5.204715388161795,0.5774605572223663,0.3077368587255478,0.3077368587255478,0.3077368587255478,1.0673503279685974,5.126420736312866,0.05261443177504439,0.0,0.00016806999999999998,173,0.06559569999808446,11.25940719998107,5.0,5.0,0.053878639138173055,True,173
0.6836561645780291,0.3920546684946333,0.3920546684946333,0.3920546684946333,1.0680138383592879,5.412191527230399,0.582869827747345,0.30878476798534393,0.30878476798534393,0.30878476798534393,1.0663926601409912,5.087082147598267,0.053878639138173055,0.0,0.00016806999999999998,174,0.06599920000007842,11.325406399981148,5.0,5.0,0.05474946061415572,True,174
0.6840244276182992,0.3957588630063193,0.3957588630063193,0.3957588630063193,1.0655077866145544,5.265176704951695,0.5771064758300781,0.30977408587932587,0.30977408587932587,0.30977408587932587,1.0649051666259766,4.882831573486328,0.05474946061415572,0.0,0.00016806999999999998,175,0.06418979999943986,11.389596199980588,5.0,5.0,0.053577776349019,True,175
0.6830067804881504,0.41126774890082224,0.41126774890082224,0.41126774890082224,1.0650982345853532,5.0718607902526855,0.5679526031017303,0.308785155415535,0.308785155415535,0.308785155415535,1.0652354955673218,4.83721923828125,0.053577776349019,0.0,0.00016806999999999998,176,0.06323169999814127,11.452827899978729,5.0,5.0,0.051949968731831504,True,176
0.6793876545769828,0.408876291343144,0.408876291343144,0.408876291343144,1.0607173783438546,5.207151481083462,0.5742094814777374,0.30707788467407227,0.30707788467407227,0.30707788467407227,1.0674214363098145,5.1420934200286865,0.051949968731831504,0.0,0.00016806999999999998,177,0.06661860000167508,11.519446499980404,5.0,5.0,0.053370902932118366,True,177
0.6892773423876081,0.3961966335773468,0.3961966335773468,0.3961966335773468,1.0654119082859583,5.4913948604038785,0.5886276960372925,0.3071321099996567,0.3071321099996567,0.3071321099996567,1.0683035850524902,5.274326801300049,0.053370902932118366,0.0,0.00016806999999999998,178,0.06366909999997006,11.583115599980374,5.0,5.0,0.056114170945118856,True,178
0.6996112040110997,0.39379311885152546,0.39379311885152546,0.39379311885152546,1.0636976616723197,5.449925899505615,0.5902195870876312,0.3083774894475937,0.3083774894475937,0.3083774894475937,1.0666748881340027,5.022655010223389,0.056114170945118856,0.0,0.00016806999999999998,179,0.0589533999991545,11.642068999979529,5.0,5.0,0.05634072104735274,True,179
0.7004763313702175,0.408244856766292,0.408244856766292,0.408244856766292,1.0649504491261073,5.1868608338492255,0.5842678248882294,0.3086392879486084,0.3086392879486084,0.3086392879486084,1.0658143758773804,4.8921730518341064,0.05634072104735274,0.0,0.00011764899999999998,180,0.06559910000214586,11.707668099981674,5.0,5.0,0.05526245156569381,True,180
0.6880090406962803,0.4043328506605966,0.4043328506605966,0.4043328506605966,1.0705322538103377,5.133253914969308,0.5792180895805359,0.3084305375814438,0.3084305375814438,0.3084305375814438,1.0665995478630066,4.900027751922607,0.05526245156569381,0.0,0.00011764899999999998,181,0.06352249999690684,11.771190599978581,5.0,5.0,0.05426272908491988,True,181
0.6952510646411351,0.4123509313379015,0.4123509313379015,0.4123509313379015,1.0685835906437464,5.213525840214321,0.5802795886993408,0.3081721365451813,0.3081721365451813,0.3081721365451813,1.067425787448883,5.014629602432251,0.05426272908491988,0.0,0.00011764899999999998,182,0.0592651000006299,11.830455699979211,5.0,5.0,0.054409025109242386,True,182
0.6829889757292611,0.39636510610580444,0.39636510610580444,0.39636510610580444,1.067126716886248,5.267947333199637,0.5827506184577942,0.30857034027576447,0.30857034027576447,0.30857034027576447,1.0674846172332764,5.039242744445801,0.054409025109242386,0.0,0.00011764899999999998,183,0.060696500000631204,11.891152199979842,5.0,5.0,0.05480145255370039,True,183
0.6876806020736694,0.39840892383030485,0.39840892383030485,0.39840892383030485,1.0641980511801583,5.278540134429932,0.5823178887367249,0.30891185998916626,0.30891185998916626,0.30891185998916626,1.0671794414520264,4.989028453826904,0.05480145255370039,0.0,0.00011764899999999998,184,0.06168500000057975,11.952837199980422,5.0,5.0,0.054691737091969436,True,184
0.6887205157961164,0.40560552052089144,0.40560552052089144,0.40560552052089144,1.071143286568778,5.176559243883405,0.5771484375,0.30941979587078094,0.30941979587078094,0.30941979587078094,1.0664669275283813,4.895230293273926,0.054691737091969436,0.0,8.235429999999999e-05,185,0.0670256999983394,12.019862899978762,5.0,5.0,0.0536440400247087,True,185
0.6901423931121826,0.41211484585489544,0.41211484585489544,0.41211484585489544,1.0655509403773717,5.182822568075998,0.5747583508491516,0.30886219441890717,0.30886219441890717,0.30886219441890717,1.066610038280487,4.956676721572876,0.0536440400247087,0.0,8.235429999999999e-05,186,0.062285799998790026,12.082148699977552,5.0,5.0,0.05321080724043746,True,186
0.674432533127921,0.3967691659927368,0.3967691659927368,0.3967691659927368,1.0697619915008545,5.218176364898682,0.5747485160827637,0.3082277327775955,0.3082277327775955,0.3082277327775955,1.0669933557510376,5.008771657943726,0.05321080724043746,0.0,8.235429999999999e-05,187,0.06227930000022752,12.144427999977779,5.0,5.0,0.05329852381987472,True,187
0.6827638064111982,0.40134871006011963,0.40134871006011963,0.40134871006011963,1.0690965822764806,5.279978684016636,0.5760671198368073,0.30817292630672455,0.30817292630672455,0.30817292630672455,1.0672656297683716,5.026296854019165,0.05329852381987472,0.0,8.235429999999999e-05,188,0.06284560000131023,12.20727359997909,5.0,5.0,0.05356149236006637,True,188
0.6797507405281067,0.3959909124033792,0.3959909124033792,0.3959909124033792,1.0685674803597587,5.297832761492048,0.5773054361343384,0.30806078016757965,0.30806078016757965,0.30806078016757965,1.0676222443580627,5.026832580566406,0.05356149236006637,0.0,8.235429999999999e-05,189,0.06392879999839352,12.271202399977483,5.0,5.0,0.05382981816573043,True,189
0.6826834678649902,0.3990019815308707,0.3990019815308707,0.3990019815308707,1.0690473318099976,5.269969327109201,0.5786230564117432,0.30809591710567474,0.30809591710567474,0.30809591710567474,1.0676619410514832,5.02560019493103,0.05382981816573043,0.0,5.764800999999999e-05,190,0.06096669999897131,12.332169099976454,5.0,5.0,0.054085820115040734,True,190
0.6869001303400312,0.40071714775902884,0.40071714775902884,0.40071714775902884,1.0684147732598441,5.291275637490409,0.5799173414707184,0.30778634548187256,0.30778634548187256,0.30778634548187256,1.0675503015518188,5.031466245651245,0.054085820115040734,0.0,5.764800999999999e-05,191,0.06352369999876828,12.395692799975222,5.0,5.0,0.05440048257155319,True,191
0.6897759522710528,0.4028008920805795,0.4028008920805795,0.4028008920805795,1.064106549535479,5.275230407714844,0.5804210007190704,0.3077232539653778,0.3077232539653778,0.3077232539653778,1.067262589931488,5.012781858444214,0.05440048257155319,0.0,5.764800999999999e-05,192,0.06460080000033486,12.460293599975557,5.0,5.0,0.05452830115599532,True,192
0.6863795604024615,0.39996999502182007,0.39996999502182007,0.39996999502182007,1.0633628538676672,5.252494130815778,0.5793896615505219,0.3078193664550781,0.3078193664550781,0.3078193664550781,1.0669533610343933,4.980355501174927,0.05452830115599532,0.0,5.764800999999999e-05,193,0.0602617000004102,12.520555299975968,5.0,5.0,0.05433185616774459,True,193
0.6912738084793091,0.40694959248815266,0.40694959248815266,0.40694959248815266,1.0669104882649012,5.233103002820696,0.577861487865448,0.3078976720571518,0.3078976720571518,0.3078976720571518,1.0669692158699036,4.968794107437134,0.05433185616774459,0.0,5.764800999999999e-05,194,0.06567099999665515,12.586226299972623,5.0,5.0,0.054019797242115926,True,194
0.686307532446725,0.403413896049772,0.403413896049772,0.403413896049772,1.0708246912275041,5.236851079123361,0.5768123865127563,0.3078755587339401,0.3078755587339401,0.3078755587339401,1.0670403242111206,4.9784862995147705,0.054019797242115926,0.0,4.035360699999999e-05,195,0.06273859999782871,12.648964899970451,5.0,5.0,0.05380466023726363,True,195
0.6797086341040475,0.3973099802221571,0.3973099802221571,0.3973099802221571,1.0696451323372977,5.2485906055995395,0.5761677324771881,0.30804629623889923,0.30804629623889923,0.30804629623889923,1.0671016573905945,4.983237981796265,0.05380466023726363,0.0,4.035360699999999e-05,196,0.05897710000135703,12.707941999971808,5.0,5.0,0.05363704005522628,True,196
0.6806666340146746,0.39718093616621836,0.39718093616621836,0.39718093616621836,1.075461983680725,5.285259928022112,0.576434850692749,0.30788274109363556,0.30788274109363556,0.30788274109363556,1.0674598217010498,5.00684118270874,0.05363704005522628,0.0,4.035360699999999e-05,197,0.06557529999918188,12.77351729997099,5.0,5.0,0.05370545188231368,True,197
0.6770970736231122,0.39304657919066294,0.39304657919066294,0.39304657919066294,1.0702176945550101,5.289044312068394,0.5761997699737549,0.3077782243490219,0.3077782243490219,0.3077782243490219,1.067434847354889,4.998031139373779,0.05370545188231368,0.0,4.035360699999999e-05,198,0.06090059999769437,12.834417899968685,5.0,5.0,0.05368576327605148,True,198
0.6850849730627877,0.40310151662145344,0.40310151662145344,0.40310151662145344,1.0741042069026403,5.252481051853725,0.5746888816356659,0.3076067268848419,0.3076067268848419,0.3076067268848419,1.0672425627708435,4.974916458129883,0.05368576327605148,0.0,4.035360699999999e-05,199,0.061920500000269385,12.896338399968954,5.0,5.0,0.05343492785735031,True,199
