loss,recon,recon_base,pix_recon,aux_recon_base,kl,val_loss,val_recon,val_recon_base,val_pix_recon,val_aux_recon_base,val_kl,phase,logical_epoch,advance_epoch_controls,dynamic_aux_step,beta,aux_loss_weight,lr,epoch_duration_sec,elapsed_train_sec,kl_target,kl_target_final,next_beta,kl_controller_advanced,cycle,sampling_phase,epoch
1.7503190721784319,1.7503190721784319,1.7503190721784319,0.9743578433990479,0.9699515189443316,5.13718390624438,1.536226749420166,1.536226749420166,1.536226749420166,0.8467187285423279,0.8618850409984589,28.135589599609375,A,0,True,False,0.0,0.8,0.001,0.25172329999986687,0.25172329999986687,50.0,5.0,0.0,True,0,0,0
1.3857800279344832,1.3857800279344832,1.3857800279344832,0.7707870858056205,0.7687411393438067,36.367153712681365,1.2288016080856323,1.2288016080856323,1.2288016080856323,0.6852452456951141,0.6794454455375671,46.90406799316406,A,1,True,False,0.0,0.8,0.001,0.07100050000008196,0.3227237999999488,50.0,5.0,0.0,True,0,0,1
1.1385629858289446,1.1385629858289446,1.1385629858289446,0.6297946572303772,0.6359603915895734,51.78524834769113,1.0402451753616333,1.0402451753616333,1.0402451157569885,0.5726041495800018,0.5845512449741364,57.3900260925293,A,2,True,False,0.0,0.8,0.001,0.06244389999847044,0.38516769999841927,50.0,5.0,0.0,True,0,0,2
0.9929109556334359,0.9929109556334359,0.9929109811782837,0.5471735341208321,0.5571717875344413,59.53708594185965,0.9386787414550781,0.9386787414550781,0.9386787116527557,0.5162999033927917,0.5279735028743744,61.50631904602051,A,3,True,False,0.0,0.8,0.001,0.06761020000340068,0.45277790000181994,50.0,5.0,0.0,True,0,0,3
0.911943222795214,0.911943222795214,0.9119432398251125,0.5017414859363011,0.5127521881035396,63.21711022513254,0.8767207860946655,0.8767207860946655,0.8767207562923431,0.482596293091774,0.49265559017658234,63.81517219543457,A,4,True,False,0.0,0.8,0.001,0.06357589999970514,0.5163538000015251,50.0,5.0,0.0,True,0,0,4
0.846929839679173,0.846929839679173,0.846929839679173,0.46497432248932974,0.4774443677493504,65.64075796944755,0.8214684128761292,0.8214684128761292,0.8214684128761292,0.44788843393325806,0.4669749587774277,64.14936447143555,A,5,True,False,0.0,0.8,0.001,0.06216580000182148,0.5785196000033466,50.0,5.0,0.0,True,0,0,5
0.7877812215260097,0.7877812215260097,0.7877812044961112,0.4280263142926352,0.44969360317502705,67.49730464390346,0.7722927927970886,0.7722927927970886,0.7722927927970886,0.4170479476451874,0.44405607879161835,68.31258773803711,A,6,True,False,0.0,0.8,0.001,0.06217770000148448,0.640697300004831,50.0,5.0,0.0,True,0,0,6
0.7343022312436785,0.7343022312436785,0.7343022312436785,0.3940583552633013,0.42530482155936106,71.22582026890346,0.7292275428771973,0.7292275428771973,0.7292275726795197,0.39036598801612854,0.4235769808292389,71.62733840942383,A,7,True,False,0.0,0.8,0.001,0.06321720000050846,0.7039145000053395,50.0,5.0,0.0,True,0,0,7
0.6968451568058559,0.6968451568058559,0.6968451568058559,0.3695893543107169,0.4090697595051357,74.77083478655133,0.6952919661998749,0.6952919661998749,0.6952919661998749,0.36805036664009094,0.4090519994497299,74.54932022094727,A,8,True,False,0.0,0.8,0.001,0.06373069999972358,0.7676452000050631,50.0,5.0,0.0,True,0,0,8
0.6647855043411255,0.6647855043411255,0.6647855043411255,0.349433924470629,0.3941894599369594,77.43076651436942,0.6684276163578033,0.6684276163578033,0.6684276163578033,0.3510851263999939,0.3966781049966812,77.02108764648438,A,9,True,False,0.0,0.8,0.001,0.06139919999986887,0.829044400004932,50.0,5.0,0.0,True,0,0,9
0.6392471790313721,0.6392471790313721,0.6392471705164228,0.33422755343573435,0.3812745213508606,79.71555001395089,0.6521598398685455,0.6521598398685455,0.6521598398685455,0.34053653478622437,0.38952913880348206,79.76113891601562,A,10,True,False,0.0,0.8,0.001,0.06085990000065067,0.8899043000055826,50.0,5.0,0.001,True,0,0,10
0.6887392571994236,0.6190795132092067,0.6190795217241559,0.32293922560555594,0.3701753829206739,69.6597420828683,0.6876548826694489,0.6387694776058197,0.6387694776058197,0.33324556052684784,0.3819049000740051,48.88541221618652,A,11,True,False,0.001,0.8,0.001,0.06351800000265939,0.953422300008242,46.186440677966104,5.0,0.002,True,0,0,11
0.690102389880589,0.6181330340249198,0.6181330255099705,0.32170805760792326,0.370531222649983,35.984683990478516,0.6903282701969147,0.6381787061691284,0.6381787061691284,0.3330654054880142,0.38139159977436066,26.074782371520996,A,12,True,False,0.002,0.8,0.001,0.06190390000119805,1.01532620000944,42.91338582677166,5.0,0.001,True,0,0,12
0.6389463543891907,0.6078833852495465,0.6078833937644958,0.3161647617816925,0.3646482697554997,31.062970842633927,0.6583803296089172,0.6215295791625977,0.6215295791625977,0.3228617310523987,0.3733347952365875,36.850738525390625,A,13,True,False,0.001,0.8,0.001,0.05920289999994566,1.0745291000093857,40.0735294117647,5.0,0.0,True,0,0,13
0.5767514109611511,0.5767514109611511,0.5767514194761004,0.2974307153906141,0.34915085775511606,43.13591057913644,0.6119126677513123,0.6119126677513123,0.6119126975536346,0.3170526772737503,0.36857500672340393,48.606536865234375,A,14,True,False,0.0,0.8,0.001,0.061153400001785485,1.1356825000111712,37.58620689655172,5.0,0.001,True,0,0,14
0.6187773942947388,0.5703358905655997,0.5703358735357013,0.2926146515778133,0.34715152638299124,48.44150979178293,0.6452831923961639,0.6014432311058044,0.6014432013034821,0.3107880651950836,0.36331893503665924,43.8399772644043,A,15,True,False,0.001,0.8,0.001,0.06234519999998156,1.1980277000111528,35.3896103896104,5.0,0.002,True,0,0,15
0.6357460277421134,0.5616640022822789,0.5616640107972282,0.28838551470211576,0.3415981318269457,37.04100963047573,0.6524789035320282,0.5974138379096985,0.5974138379096985,0.30846264958381653,0.36118896305561066,27.532523155212402,A,16,True,False,0.002,0.8,0.001,0.061308599997573765,1.2593363000087265,33.435582822085884,5.0,0.001,True,0,0,16
0.5916557737759182,0.5649066482271466,0.5649066652570452,0.29111733181135996,0.3422366423266275,26.749117715018137,0.6170376837253571,0.5898789167404175,0.5898789167404175,0.30386149883270264,0.35752174258232117,27.158751487731934,A,17,True,False,0.001,0.8,0.001,0.06235050000032061,1.3216868000090471,31.68604651162791,5.0,0.0,True,0,0,17
0.5458915148462568,0.5458915148462568,0.5458915063313076,0.279797511441367,0.3326174999986376,32.84826387677874,0.5870761573314667,0.5870761573314667,0.5870761573314667,0.3020714521408081,0.3562558591365814,38.85306167602539,A,18,True,False,0.0,0.8,0.001,0.0625287999973807,1.3842156000064278,30.11049723756906,5.0,0.001,True,0,0,18
0.575592006955828,0.5345071128436497,0.534507121358599,0.2732234980378832,0.32660453234400066,41.08488845825195,0.6175886392593384,0.5782052874565125,0.5782052874565125,0.29731716215610504,0.35111014544963837,39.383358001708984,A,19,True,False,0.001,0.8,0.001,0.059455099999468075,1.443670700005896,28.684210526315788,5.0,0.002,True,0,0,19
0.6022304807390485,0.5315171991075788,0.5315171820776803,0.27001934392111643,0.3268722721508571,35.35663495744978,0.6315107941627502,0.5754469633102417,0.5754469931125641,0.2952653169631958,0.35022710263729095,28.03191375732422,A,20,True,False,0.002,0.8,0.001,0.06537469999966561,1.5090454000055615,27.386934673366838,5.0,0.003,True,0,0,20
0.6109679341316223,0.5377127953938076,0.537712812423706,0.275816478899547,0.3273703966821943,24.418379374912806,0.6392436623573303,0.573421061038971,0.573421061038971,0.2945367693901062,0.34860534965991974,21.94086456298828,A,21,True,False,0.003,0.8,0.001,0.060541700000612764,1.5695871000061743,26.20192307692308,5.0,0.002,True,0,0,21
0.585079916885921,0.5362372313226972,0.5362372483525958,0.2747823553425925,0.32681858965328764,24.421343122209823,0.62774857878685,0.574621856212616,0.5746218264102936,0.295180082321167,0.34930215775966644,26.563365936279297,A,22,True,False,0.002,0.8,0.001,0.06651220000276226,1.6360993000089366,25.115207373271886,5.0,0.003,True,0,0,22
0.6043476121766227,0.5237000754901341,0.5237000925200326,0.26772753255707876,0.3199656776019505,26.882512501307897,0.6414793431758881,0.5686289668083191,0.5686289668083191,0.29132378101348877,0.3466314822435379,24.28345775604248,A,23,True,False,0.003,0.8,0.001,0.0648734999995213,1.7009728000084579,24.115044247787612,5.0,0.004,True,0,0,23
0.6150112662996564,0.5251364367348808,0.5251364282199315,0.2689589858055115,0.32022179876055035,22.46870313371931,0.6479542851448059,0.5717643797397614,0.5717643797397614,0.29410213232040405,0.34707780182361603,19.04747200012207,A,24,True,False,0.004,0.8,0.001,0.06312009999965085,1.7640929000081087,23.191489361702125,5.0,0.003,True,0,0,24
0.59293247120721,0.5289590358734131,0.5289590443883624,0.27135931168283733,0.32199964353016447,21.32447678702218,0.6360578835010529,0.5685779750347137,0.5685779750347137,0.2905113697052002,0.34758326411247253,22.49330234527588,A,25,True,False,0.003,0.8,0.001,0.062334199999895645,1.8264271000080043,22.33606557377049,5.0,0.004,True,0,0,25
0.6062373178345817,0.5152220555714199,0.5152220470564706,0.2621642989771707,0.3163221904209682,22.75381306239537,0.6502336859703064,0.5639601945877075,0.5639602243900299,0.2889356464147568,0.3437806963920593,21.568373680114746,A,26,True,False,0.004,0.8,0.001,0.06073410000317381,1.8871612000111782,21.541501976284586,5.0,0.004268717038301602,True,0,0,26
0.6112149613244193,0.5238775440624782,0.5238775355475289,0.26709714106151033,0.3209754867213113,20.45987238202776,0.6447925567626953,0.5616047382354736,0.5616047382354736,0.2875903844833374,0.3425179719924927,19.487783432006836,A,27,True,False,0.004268717038301602,0.8,0.001,0.06235819999710657,1.9495194000082847,20.80152671755725,5.0,0.0032687170383016023,True,0,0,27
0.5806995715413775,0.5130401423999241,0.5130401594298226,0.2622923084667751,0.31343480944633484,20.699078696114675,0.6356874704360962,0.5649760365486145,0.5649760365486145,0.28983743488788605,0.3439232110977173,21.63277816772461,A,28,True,False,0.0032687170383016023,0.8,0.001,0.06093730000065989,2.0104567000089446,20.11070110701107,5.0,0.004268717038301602,True,0,0,28
0.6007008722850254,0.5093633106776646,0.5093633106776646,0.2592668746198927,0.31262053762163433,21.39695875985282,0.641643762588501,0.5568486452102661,0.5568486452102661,0.284609317779541,0.34029920399188995,19.86430835723877,A,29,True,False,0.004268717038301602,0.8,0.001,0.06040959999882034,2.070866300007765,19.46428571428571,5.0,0.005268717038301602,True,0,0,29
0.6178252526691982,0.5178456817354474,0.5178456902503967,0.26523703762463163,0.3157608040741512,18.976076943533762,0.6515955924987793,0.5592174530029297,0.5592174530029297,0.28621530532836914,0.3412526249885559,17.53332805633545,A,30,True,False,0.005268717038301602,0.8,0.001,0.06088650000310736,2.1317528000108723,18.858131487889274,5.0,0.004268717038301602,True,0,0,30
0.5944610067776271,0.5137434772082737,0.5137434729507991,0.2629703879356384,0.3134663573333195,18.909083775111608,0.643246054649353,0.5597409307956696,0.5597409605979919,0.2863369882106781,0.3417549282312393,19.562114715576172,A,31,True,False,0.004268717038301602,0.8,0.001,0.061496900001657195,2.1932497000125295,18.288590604026847,5.0,0.005268717038301602,True,0,0,31
0.6106559974806649,0.5070147003446307,0.507014696087156,0.2582378877060754,0.31097100036484854,19.67107037135533,0.6519812345504761,0.555809497833252,0.555809497833252,0.2847440540790558,0.3388318121433258,18.2533540725708,A,32,True,False,0.005268717038301602,0.8,0.001,0.06399790000068606,2.2572476000132156,17.752442996742666,5.0,0.006268717038301602,True,0,0,32
0.6207749162401471,0.5106496129717145,0.5106496129717145,0.26142747487340656,0.3115276779447283,17.567440032958984,0.6590360999107361,0.5551223158836365,0.5551223158836365,0.28459353744983673,0.33816097676754,16.576565742492676,A,33,True,False,0.006268717038301602,0.8,0.001,0.06454369999846676,2.3217913000116823,17.246835443037973,5.0,0.005268717038301602,True,0,0,33
0.6044836555208478,0.510559448174068,0.5105594396591187,0.26078678028924124,0.3122158093111856,17.82676887512207,0.6589446365833282,0.5587024688720703,0.5587024688720703,0.2858976274728775,0.3410060703754425,19.02591609954834,A,34,True,False,0.005268717038301602,0.8,0.001,0.06585199999972247,2.387643300011405,16.769230769230766,5.0,0.006268717038301602,True,0,0,34
0.6230585745402745,0.5057544410228729,0.5057544367653983,0.2577155573027475,0.3100486014570509,18.712624141148158,0.6615973711013794,0.5536907911300659,0.5536907911300659,0.28343476355075836,0.33782002329826355,17.21350383758545,A,35,True,False,0.006268717038301602,0.8,0.001,0.060766300000977935,2.4484096000123827,16.317365269461078,5.0,0.007268717038301602,True,0,0,35
0.6337445718901498,0.5139742408479963,0.5139742493629456,0.26376005155699594,0.3127677483218057,16.477505683898926,0.6677676141262054,0.5541432201862335,0.5541432201862335,0.28390051424503326,0.33780337870121,15.63197374343872,A,36,True,False,0.007268717038301602,0.8,0.001,0.060231899999052985,2.5086415000114357,15.889212827988338,5.0,0.006268717038301602,True,0,0,36
0.6161351033619472,0.5098392622811454,0.5098392707960946,0.26152725304876057,0.3103900168623243,16.956554685320175,0.6614499688148499,0.5538695156574249,0.5538694858551025,0.28400059044361115,0.33733610808849335,17.161479949951172,A,37,True,False,0.006268717038301602,0.8,0.001,0.06430610000097658,2.5729476000124123,15.482954545454547,5.0,0.007268717038301602,True,0,0,37
0.6294724600655692,0.5045078311647687,0.5045078269072941,0.2580621497971671,0.3080570868083409,17.19211687360491,0.6656981706619263,0.5493199229240417,0.5493199229240417,0.28046703338623047,0.3360660821199417,16.01083755493164,A,38,True,False,0.007268717038301602,0.8,0.001,0.06635640000240528,2.6393040000148176,15.096952908587255,5.0,0.008268717038301603,True,0,0,38
0.6396380492619106,0.5086260182516915,0.5086260182516915,0.26137315801211763,0.3090660699776241,15.84429931640625,0.6724171936511993,0.5483754277229309,0.5483754277229309,0.2803746312856674,0.33500102162361145,15.001331329345703,A,39,True,False,0.008268717038301603,0.8,0.001,0.06367110000064713,2.7029751000154647,14.729729729729733,5.0,0.009268717038301604,True,0,0,39
0.6523660165922982,0.5085381184305463,0.5085381184305463,0.2602249298776899,0.3103914771761213,15.517562729971749,0.6898325979709625,0.5470750331878662,0.5470750331878662,0.2793657034635544,0.3346366584300995,15.402084350585938,A,40,True,False,0.009268717038301604,0.8,0.001,0.06530969999948866,2.7682848000149534,14.379947229551448,5.0,0.010268717038301605,True,0,0,40
0.6664289321218219,0.5117485523223877,0.5117485523223877,0.26374800290380207,0.31000068358012606,15.063261168343681,0.694634348154068,0.5471720993518829,0.5471720993518829,0.2802311033010483,0.3336762338876724,14.360338687896729,A,41,True,False,0.010268717038301605,0.8,0.001,0.06456339999931515,2.8328482000142685,14.046391752577314,5.0,0.011268717038301606,True,0,0,41
0.6848408835274833,0.5218632136072431,0.5218632050922939,0.26882646339280264,0.3162959132875715,14.462841578892299,0.7065717875957489,0.5477156341075897,0.5477156341075897,0.2790910452604294,0.33578069508075714,14.097093105316162,A,42,True,False,0.011268717038301606,0.8,0.001,0.06410889999824576,2.8969571000125143,13.727959697732999,5.0,0.012268717038301607,True,0,0,42
0.6965726443699428,0.5235682896205357,0.5235682811055865,0.2692924439907074,0.31784479532923016,14.101259367806572,0.7126653790473938,0.5521436333656311,0.5521436333656311,0.28296343982219696,0.3364751935005188,13.083822250366211,A,43,True,False,0.012268717038301607,0.8,0.001,0.06031259999872418,2.9572697000112385,13.423645320197046,5.0,0.011268717038301606,True,0,0,43
0.6864035384995597,0.526802020413535,0.5268020118985858,0.2718997299671173,0.31862784709249226,14.163237844194684,0.7106285095214844,0.5559380352497101,0.5559380352497101,0.2840535342693329,0.3398556262254715,13.727423667907715,A,44,True,False,0.011268717038301606,0.8,0.001,0.06111080000118818,3.0183805000124266,13.132530120481931,5.0,0.012268717038301607,True,0,0,44
0.6944729345185416,0.519874666418348,0.5198746749332973,0.2679423689842224,0.3149153675351824,14.231176240103585,0.7121593058109283,0.5534232556819916,0.553423285484314,0.28393808007240295,0.33685649931430817,12.938275337219238,A,45,True,False,0.012268717038301607,0.8,0.001,0.06160880000243196,3.0799893000148586,12.85377358490566,5.0,0.013113734561437388,True,0,0,45
0.7049844861030579,0.525570171219962,0.525570171219962,0.2703730932303837,0.31899633152144297,13.681406021118164,0.724645584821701,0.5502729415893555,0.5502729415893555,0.281375452876091,0.3361218422651291,13.29694938659668,A,46,True,False,0.013113734561437388,0.8,0.001,0.06289699999979348,3.142886300014652,12.586605080831404,5.0,0.014113734561437389,True,0,0,46
0.7128323316574097,0.5228503176144191,0.5228503431592669,0.2699319805417742,0.3161479319844927,13.460789680480957,0.7268425226211548,0.55049267411232,0.55049267411232,0.28198276460170746,0.3356373608112335,12.494908809661865,A,47,True,False,0.014113734561437389,0.8,0.001,0.06744960000287392,3.210335900017526,12.33031674208145,5.0,0.01511373456143739,True,0,0,47
0.7236053262438092,0.5303006853376117,0.5303006768226624,0.2742334391389574,0.3200840353965759,12.789998190743583,0.7422756254673004,0.5461518168449402,0.5461518168449402,0.27917367219924927,0.33372271060943604,12.976528644561768,A,48,True,False,0.01511373456143739,0.8,0.001,0.05907589999696938,3.2694118000144954,12.084257206208427,5.0,0.01611373456143739,True,0,0,48
0.733231816973005,0.5268052220344543,0.526805213519505,0.2726128910269056,0.3177403892789568,12.810599190848214,0.7463404536247253,0.5505363643169403,0.5505363941192627,0.2815011590719223,0.336294025182724,12.151380062103271,A,49,True,False,0.01611373456143739,0.8,0.001,0.06449760000032256,3.333909400014818,11.847826086956523,5.0,0.01711373456143739,True,0,0,49
0.7509221349443708,0.539949357509613,0.5399493404797145,0.27844548651150297,0.32687980788094656,12.327688080923897,0.7564830183982849,0.5475962460041046,0.5475962460041046,0.28026221692562103,0.3341675251722336,12.20579719543457,A,50,True,False,0.01711373456143739,0.8,0.001,0.0622481999998854,3.3961576000147033,11.620469083155655,5.0,0.018113734561437392,True,1,1,50
0.761266325201307,0.5409983055932182,0.5409983055932182,0.2800514187131609,0.3261835958276476,12.160276412963867,0.7692144513130188,0.550454318523407,0.5504543483257294,0.2821296602487564,0.3354058265686035,12.077032089233398,A,51,True,False,0.018113734561437392,0.8,0.001,0.05894260000059148,3.455100200015295,11.40167364016736,5.0,0.019113734561437393,True,1,1,51
0.7735820072037833,0.5421984110559736,0.5421984110559736,0.28165988411222187,0.3256731757095882,12.105619158063616,0.7667187750339508,0.5509209930896759,0.5509209632873535,0.28297649323940277,0.3349306136369705,11.290194988250732,A,52,True,False,0.019113734561437393,0.8,0.001,0.07036629999856814,3.525466500013863,11.190965092402465,5.0,0.02010603351992007,True,1,1,52
0.7795709201267788,0.5431154540606907,0.5431154370307922,0.28141645022800993,0.32712372285979135,11.760422570364815,0.7736253142356873,0.549999326467514,0.5499992966651917,0.28240664303302765,0.3344908505678177,11.122331619262695,A,53,True,False,0.02010603351992007,0.8,0.001,0.06439700000191806,3.589863500015781,10.987903225806448,5.0,0.021106033519920072,True,1,1,53
0.7897354279245649,0.5488136495862689,0.5488136495862689,0.28416635734694345,0.33080910784857614,11.414830480303083,0.7877013683319092,0.5512391626834869,0.5512391924858093,0.28253452479839325,0.3358808159828186,11.203535079956055,A,54,True,False,0.021106033519920072,0.8,0.001,0.06310389999998733,3.6529674000157684,10.792079207920786,5.0,0.022106033519920073,True,1,1,54
0.8049990023885455,0.558432936668396,0.5584329451833453,0.29141431621142794,0.3337732894080026,11.153791563851494,0.7972411513328552,0.5489651262760162,0.5489651262760162,0.28269626200199127,0.3328360617160797,11.231144428253174,A,55,True,False,0.022106033519920073,0.8,0.001,0.058462900000449736,3.711430300016218,10.603112840466927,5.0,0.023106033519920074,True,1,1,55
0.811733637537275,0.5546917915344238,0.5546917830194745,0.28952447857175556,0.3314591177872249,11.124446732657296,0.7883955538272858,0.552661806344986,0.5526617765426636,0.28357912600040436,0.3363533020019531,10.202259540557861,A,56,True,False,0.023106033519920074,0.8,0.001,0.06027410000024247,3.7717044000164606,10.42065009560229,5.0,0.022106033519920073,True,1,1,56
0.8105324251311166,0.5602497713906425,0.5602497799055917,0.29146213616643635,0.3359845536095755,11.321915899004255,0.8093313276767731,0.5576217174530029,0.5576217174530029,0.28794099390506744,0.33710090816020966,11.386466979980469,A,57,True,False,0.022106033519920073,0.8,0.001,0.06339780000052997,3.8351022000169905,10.244360902255636,5.0,0.023106033519920074,True,1,1,57
0.8193094985825675,0.5619600330080304,0.5619600415229797,0.2936061067240579,0.33544241530554636,11.137760026114327,0.7980481386184692,0.5518403053283691,0.5518403053283691,0.28440767526626587,0.3342907875776291,10.655564308166504,A,58,True,False,0.023106033519920074,0.8,0.001,0.06622449999849778,3.9013267000154883,10.073937153419593,5.0,0.024106033519920075,True,1,1,58
0.8340001106262207,0.5710561616080148,0.5710561616080148,0.29910271082605633,0.33994180815560476,10.907806532723564,0.8133971393108368,0.547764241695404,0.5477642714977264,0.2805774658918381,0.33398348093032837,11.019352436065674,A,59,True,False,0.024106033519920075,0.8,0.001,0.06096679999973276,3.962293500015221,9.909090909090907,5.0,0.025106033519920076,True,1,1,59
0.8324381623949323,0.5574089288711548,0.5574089288711548,0.2909880110195705,0.3330261196408953,10.954706600734166,0.8061144053936005,0.555895984172821,0.555895984172821,0.28393617272377014,0.33994975686073303,9.966465473175049,A,60,True,False,0.025106033519920076,0.8,0.001,0.06297819999963394,4.025271700014855,9.749552772808585,5.0,0.026106033519920076,True,1,1,60
0.8376902086394173,0.5645935450281415,0.564593527998243,0.29337081738880705,0.33902838826179504,10.461054938180107,0.8177275061607361,0.5553189218044281,0.5553189218044281,0.2856864631175995,0.3370405584573746,10.051644325256348,A,61,True,False,0.026106033519920076,0.8,0.001,0.05830380000043078,4.083575500015286,9.595070422535208,5.0,0.027106033519920077,True,1,1,61
0.8468870861189706,0.5680016023772103,0.5680015938622611,0.29736038190977915,0.3383015181337084,10.288686207362584,0.8181372880935669,0.5510985255241394,0.5510985255241394,0.2828059494495392,0.3353657126426697,9.851635456085205,A,62,True,False,0.027106033519920077,0.8,0.001,0.06096850000176346,4.144544000017049,9.44540727902946,5.0,0.028106033519920078,True,1,1,62
0.8585608346121651,0.5715334074837821,0.5715333819389343,0.29985094921929495,0.3396030494144985,10.212306295122419,0.8230021595954895,0.5512928068637848,0.5512927770614624,0.2837105244398117,0.33447784185409546,9.667296886444092,A,63,True,False,0.028106033519920078,0.8,0.001,0.06121100000018487,4.205755000017234,9.300341296928323,5.0,0.02910603351992008,True,1,1,63
0.8700252090181623,0.5758062175342015,0.5758062175342015,0.3011199278490884,0.34335785252707346,10.108522415161133,0.8267108798027039,0.5505306124687195,0.5505306124687195,0.2831040918827057,0.33428309857845306,9.488762378692627,A,64,True,False,0.02910603351992008,0.8,0.001,0.06721730000208481,4.272972300019319,9.159663865546221,5.0,0.03010603351992008,True,1,1,64
0.8739457385880607,0.5771926045417786,0.5771926045417786,0.3028515023844583,0.34292637024606976,9.856932367597308,0.8369022011756897,0.5509164929389954,0.5509164929389954,0.2839581072330475,0.33369797468185425,9.499282360076904,A,65,True,False,0.03010603351992008,0.8,0.001,0.06471220000094036,4.337684500020259,9.02317880794702,5.0,0.03110603351992008,True,1,1,65
0.8876926047461373,0.5824748362813678,0.5824748362813678,0.3068170760359083,0.344572194984981,9.812172617231097,0.8354396224021912,0.549515575170517,0.549515575170517,0.2829940617084503,0.3331518918275833,9.191914558410645,A,66,True,False,0.03110603351992008,0.8,0.001,0.06717800000114948,4.404862500021409,8.890701468189235,5.0,0.03210603351992008,True,1,1,66
0.8908466015543256,0.5826614243643624,0.5826614158494132,0.3071102372237614,0.3444389615740095,9.598979813711983,0.8516184389591217,0.5506899058818817,0.5506898760795593,0.284349262714386,0.3329257667064667,9.372958183288574,A,67,True,False,0.03210603351992008,0.8,0.001,0.063313399998151,4.46817590001956,8.762057877813504,5.0,0.03310603351992008,True,1,1,67
0.9063816922051566,0.588161289691925,0.5881612811769757,0.30998772382736206,0.3477169360433306,9.612157821655273,0.8472083210945129,0.5489390790462494,0.5489391088485718,0.2828390300273895,0.33262506127357483,9.00951337814331,A,68,True,False,0.03310603351992008,0.8,0.001,0.06403290000162087,4.532208800021181,8.637083993660859,5.0,0.03410603351992008,True,1,1,68
0.9095157044274467,0.5896428908620562,0.5896428908620562,0.31106050525392803,0.3482279862676348,9.3787750516619,0.8547097146511078,0.557661384344101,0.557661384344101,0.2891276478767395,0.3356671929359436,8.709553718566895,A,69,True,False,0.03410603351992008,0.8,0.001,0.06380740000167862,4.596016200022859,8.515625,5.0,0.03510603351992008,True,1,1,69
0.9185228432927813,0.5983697942325047,0.598369802747454,0.31541179759161814,0.3536975085735321,9.11960220336914,0.8618954122066498,0.558640331029892,0.558640331029892,0.28815117478370667,0.33811143040657043,8.638261318206787,A,70,True,False,0.03510603351992008,0.8,0.001,0.06182040000203415,4.657836600024893,8.397534668721107,5.0,0.03610603351992008,True,2,2,70
0.9378311038017273,0.6062930141176496,0.6062930141176496,0.320196624313082,0.3576204947062901,9.182346071515765,0.8870023190975189,0.5534570217132568,0.5534569919109344,0.28583183884620667,0.3345314562320709,9.237936973571777,A,71,True,False,0.03610603351992008,0.8,0.001,0.06335530000069411,4.7211919000255875,8.282674772036472,5.0,0.03710603351992008,True,2,2,71
0.9389780674661908,0.6013564126832145,0.6013564041682652,0.319003701210022,0.35294086592538015,9.098834582737513,0.8722001612186432,0.5527002513408661,0.5527002811431885,0.28548116981983185,0.3340238779783249,8.610456943511963,A,72,True,False,0.03710603351992008,0.8,0.001,0.06191140000009909,4.783103300025687,8.170914542728639,5.0,0.038106033519920084,True,2,2,72
0.9495590499469212,0.6083324636731829,0.6083324551582336,0.32139050534793306,0.3586774340697697,8.954660551888603,0.8925280272960663,0.5659032762050629,0.5659032762050629,0.2924475371837616,0.3418196886777878,8.571470737457275,A,73,True,False,0.038106033519920084,0.8,0.001,0.05925750000096741,4.842360800026654,8.062130177514796,5.0,0.039106033519920085,True,2,2,73
0.960396443094526,0.6157790166991097,0.615779025214059,0.32717035497937885,0.36076082076345173,8.812385422842842,0.8778495788574219,0.5592578649520874,0.5592579245567322,0.28905995190143585,0.3377474546432495,8.146868705749512,A,74,True,False,0.039106033519920085,0.8,0.001,0.06330280000111088,4.905663600027765,7.956204379562045,5.0,0.040106033519920085,True,2,2,74
0.9633099181311471,0.6176270076206752,0.6176269905907767,0.3270431501524789,0.36322979841913494,8.619224957057408,0.8789687156677246,0.5571010708808899,0.5571010708808899,0.2879355847835541,0.336456835269928,8.025417566299438,A,75,True,False,0.040106033519920085,0.8,0.001,0.06373470000107773,4.969398300028843,7.853025936599423,5.0,0.041106033519920086,True,2,2,75
0.9786322116851807,0.6222790479660034,0.6222790564809527,0.3282436558178493,0.3675442465714046,8.669120379856654,0.9052149653434753,0.5591280460357666,0.5591280460357666,0.2898481786251068,0.33659985661506653,8.419371128082275,A,76,True,False,0.041106033519920086,0.8,0.001,0.061722499998722924,5.031120800027566,7.752489331436699,5.0,0.04210603351992009,True,2,2,76
0.9759407639503479,0.6191802961485726,0.6191802961485726,0.3283862897327968,0.36349249737603323,8.47290665762765,0.9035691022872925,0.556143194437027,0.556143194437027,0.28763890266418457,0.3356303870677948,8.251214981079102,A,77,True,False,0.04210603351992009,0.8,0.001,0.060788299997511785,5.091909100025077,7.65449438202247,5.0,0.04310603351992009,True,2,2,77
0.9823906251362392,0.625424895967756,0.6254248874528068,0.33283527408327374,0.36573702096939087,8.281107766287667,0.9017986953258514,0.5610871016979218,0.5610871016979218,0.2911248952150345,0.3374527543783188,7.904034376144409,A,78,True,False,0.04310603351992009,0.8,0.001,0.06159699999989243,5.15350610002497,7.558945908460473,5.0,0.04410603351992009,True,2,2,78
0.9882899693080357,0.6278607078960964,0.6278607164110456,0.33555635809898376,0.36538042766707285,8.171880994524274,0.9001453220844269,0.565274178981781,0.565274178981781,0.2932973951101303,0.33997099101543427,7.592411518096924,A,79,True,False,0.04410603351992009,0.8,0.001,0.0633200999982364,5.216826200023206,7.465753424657535,5.0,0.04510603351992009,True,2,2,79
1.0011842080524989,0.6274973494665963,0.6274973579815456,0.33407000984464374,0.36678416814122883,8.284630639212471,0.9025866985321045,0.5595574080944061,0.5595574080944061,0.29015517234802246,0.336752787232399,7.60495400428772,A,80,True,False,0.04510603351992009,0.8,0.001,0.059142899997823406,5.27596910002103,7.374830852503379,5.0,0.04610603351992009,True,2,2,80
1.007502794265747,0.6415958149092538,0.6415958063943046,0.3415435382298061,0.3750653352056231,7.936206000191825,0.936791330575943,0.5593844056129456,0.5593844056129456,0.28915734589099884,0.3377838432788849,8.185629844665527,A,81,True,False,0.04610603351992009,0.8,0.001,0.062363399996684166,5.338332500017714,7.286096256684488,5.0,0.04710603351992009,True,2,2,81
1.0126179797308785,0.6381064908845084,0.6381064993994576,0.34018583808626446,0.37240080322538105,7.950392586844308,0.918736070394516,0.564460039138794,0.5644600689411163,0.29252393543720245,0.33992014825344086,7.520820617675781,A,82,True,False,0.04710603351992009,0.8,0.001,0.06327220000093803,5.401604700018652,7.199471598414796,5.0,0.04810603351992009,True,2,2,82
1.027148425579071,0.6426545040948051,0.6426544955798558,0.34143332072666716,0.3765264706952231,7.992634160178048,0.9057810306549072,0.5706831216812134,0.5706831216812134,0.2957550436258316,0.34366007149219513,6.9658191204071045,A,83,True,False,0.04810603351992009,0.8,0.001,0.06374109999887878,5.465345800017531,7.114882506527415,5.0,0.04710603351992009,True,2,2,83
1.0140449234417506,0.6329184344836644,0.6329184174537659,0.3373139500617981,0.3695055842399597,8.090820789337158,0.9154974222183228,0.5672712326049805,0.5672712326049805,0.2938084751367569,0.34182843565940857,7.392390727996826,A,84,True,False,0.04710603351992009,0.8,0.001,0.06204820000129985,5.52739400001883,7.032258064516128,5.0,0.04810603351992009,True,2,2,84
1.014816233089992,0.6417104176112584,0.6417104090963092,0.3424554296902248,0.37406873277255465,7.755904606410435,0.9452300369739532,0.5630852580070496,0.5630852580070496,0.2911248058080673,0.3399505466222763,7.943800926208496,A,85,True,False,0.04810603351992009,0.8,0.001,0.05954890000066371,5.586942900019494,6.951530612244902,5.0,0.04910603351992009,True,2,2,85
1.0300898551940918,0.6459519352231707,0.6459519352231707,0.3453825201307024,0.3757117603506361,7.8226214817592075,0.9508451819419861,0.5693580210208893,0.5693580210208893,0.29593615233898163,0.34177735447883606,7.768640756607056,A,86,True,False,0.04910603351992009,0.8,0.001,0.0626488000016252,5.649591700021119,6.872635561160152,5.0,0.050106033519920094,True,2,2,86
1.0312409060341972,0.6432425124304635,0.6432425039155143,0.3413643624101366,0.37734768646103994,7.743546554020473,0.9352229237556458,0.5684342682361603,0.5684342682361603,0.29568660259246826,0.34093454480171204,7.320249557495117,A,87,True,False,0.050106033519920094,0.8,0.001,0.06331979999959003,5.712911500020709,6.795511221945134,5.0,0.051106033519920095,True,2,2,87
1.0421351534979684,0.6464464238711766,0.6464464323861259,0.34721869230270386,0.3740346644605909,7.742505209786551,0.9273153841495514,0.5644029080867767,0.5644028782844543,0.2924499660730362,0.3399411588907242,7.101166725158691,A,88,True,False,0.051106033519920095,0.8,0.001,0.06423200000062934,5.777143500021339,6.720098643649813,5.0,0.052106033519920096,True,2,2,88
1.0479433195931571,0.6528437393052238,0.6528437393052238,0.3476970408643995,0.38143337624413626,7.582607201167515,0.9493893086910248,0.5742688179016113,0.5742688179016113,0.29954101145267487,0.3434097319841385,7.199175596237183,A,89,True,False,0.052106033519920096,0.8,0.001,0.06339440000010654,5.840537900021445,6.646341463414636,5.0,0.0531060335199201,True,2,2,89
1.0059436985424586,0.6011202675955636,0.6520202841077533,0.3477221599646977,0.38037263069834026,7.622927461351667,0.9432397782802582,0.5737260580062866,0.5737260580062866,0.29661957919597626,0.3463830500841141,6.958036422729492,A,90,True,True,0.0531060335199201,0.8,0.001,0.07402899999942747,5.914566900020873,6.57418576598311,5.0,0.0541060335199201,True,3,3,90
1.0214311395372664,0.6111437848636082,0.6599542413439069,0.35247129627636503,0.38435368878500803,7.583024161202567,0.954414963722229,0.5657916069030762,0.5657916069030762,0.2920796126127243,0.34213998913764954,7.1826252937316895,A,91,True,True,0.0541060335199201,0.8,0.001,0.0641289000013785,5.978695800022251,6.503579952267302,5.0,0.0551060335199201,True,3,3,91
1.0208872045789446,0.61788957459586,0.6702955194881984,0.3553409618990762,0.3936931788921356,7.313131196158273,0.9659726917743683,0.5756062567234039,0.5756062567234039,0.2983838617801666,0.34652799367904663,7.083914518356323,A,92,True,True,0.0551060335199201,0.8,0.001,0.06329760000153328,6.0419934000237845,6.434474616292796,5.0,0.0561060335199201,True,3,3,92
1.0331999233790807,0.62180985723223,0.6757041811943054,0.35777350408690317,0.39741336447852,7.332367828914097,0.9778307676315308,0.5766168236732483,0.5766168236732483,0.29851458966732025,0.34762777388095856,7.150994062423706,A,93,True,True,0.0561060335199201,0.8,0.001,0.06291190000047209,6.104905300024257,6.3668224299065415,5.0,0.0571060335199201,True,3,3,93
1.0362034014293127,0.6195286427225385,0.6725498948778424,0.3560322863715036,0.39564697231565205,7.296510423932757,0.9690846800804138,0.5723673403263092,0.5723673403263092,0.2967127859592438,0.344568207859993,6.947030544281006,A,94,True,True,0.0571060335199201,0.8,0.001,0.06688799999756156,6.171793300021818,6.300578034682083,5.0,0.0581060335199201,True,3,3,94
1.0360109976359777,0.6135441660881042,0.6665414827210563,0.3547629543713161,0.38972313489232746,7.270618847438267,0.9635781943798065,0.5772709846496582,0.5772709548473358,0.30021932721138,0.34631454944610596,6.648314714431763,A,95,True,True,0.0581060335199201,0.8,0.001,0.06797480000022915,6.239768100022047,6.235697940503435,5.0,0.0591060335199201,True,3,3,95
1.035064390727452,0.618080130645207,0.6722116385187421,0.35729506611824036,0.393645703792572,7.054850714547293,0.9601649045944214,0.5757520496845245,0.5757520496845245,0.29869794845581055,0.3463176190853119,6.503783702850342,A,96,True,True,0.0591060335199201,0.8,0.001,0.07667040000160341,6.316438500023651,6.172140430351078,5.0,0.0601060335199201,True,3,3,96
1.0572203397750854,0.6383778708321708,0.694525693144117,0.3674542137554714,0.4088393236909594,6.968393189566476,0.9983521103858948,0.5784419476985931,0.5784419178962708,0.2994908094406128,0.34868888556957245,6.986156940460205,A,97,True,True,0.0601060335199201,0.8,0.001,0.0665036999998847,6.382942200023535,6.109865470852014,5.0,0.061106033519920104,True,3,3,97
1.0602095127105713,0.6387173788888114,0.6944836803844997,0.3679069791521345,0.4082208914416177,6.897717271532331,0.9910397529602051,0.580157458782196,0.580157458782196,0.3018052577972412,0.34794025123119354,6.724087715148926,A,98,True,True,0.061106033519920104,0.8,0.001,0.06722580000132439,6.45016800002486,6.048834628190896,5.0,0.062106033519920105,True,3,3,98
1.0610726390566145,0.6282862084252494,0.6841194033622742,0.3636064188820975,0.40064121995653423,6.968508516039167,0.9712287187576294,0.5777175724506378,0.5777175426483154,0.300577849149704,0.3464246243238449,6.33611798286438,A,99,True,True,0.062106033519920105,0.8,0.001,0.068559200000891,6.518727200025751,5.989010989010993,5.0,0.0631060335199201,True,3,3,99
1.0664226838520594,0.6298891391072955,0.689148621899741,0.3639244862965175,0.4065301844051906,6.917461599622454,0.9882340133190155,0.5814155042171478,0.5814155042171478,0.3024307191371918,0.3487309515476227,6.446587085723877,A,100,True,True,0.0631060335199201,0.8,0.001,0.06459879999965779,6.583326000025409,5.930359085963005,5.0,0.0641060335199201,True,3,3,100
1.0834611994879586,0.643587018762316,0.6974436725888934,0.37183214936937603,0.40701440828187124,6.861666202545166,1.020670473575592,0.5820940732955933,0.5820940732955933,0.30268096923828125,0.34926638007164,6.841421365737915,A,101,True,True,0.0641060335199201,0.8,0.001,0.06486610000138171,6.64819210002679,5.872844827586206,5.0,0.0651060335199201,True,3,3,101
1.0834426198686873,0.6445868526186261,0.7022479772567749,0.37177810072898865,0.41308733395167757,6.740631375994001,1.0096719861030579,0.5916793048381805,0.5916793048381805,0.309457004070282,0.3527778685092926,6.420183897018433,A,102,True,True,0.0651060335199201,0.8,0.001,0.07141479999700096,6.719606900023791,5.81643543223052,5.0,0.0661060335199201,True,3,3,102
1.0944257634026664,0.6417417696544102,0.6971386756215777,0.37225196191242765,0.40610839213643757,6.847846644265311,0.9751229286193848,0.5848975777626038,0.5848975479602814,0.304215669631958,0.3508523404598236,5.903021335601807,A,103,True,True,0.0661060335199201,0.8,0.001,0.06448570000065956,6.784092600024451,5.761099365750525,5.0,0.0671060335199201,True,3,3,103
1.094016739300319,0.6592525328908648,0.7155482683862958,0.3819948732852936,0.4169417364256723,6.478765419551304,1.02376127243042,0.5848031640052795,0.5848031640052795,0.3047572672367096,0.3500573933124542,6.541261672973633,A,104,True,True,0.0671060335199201,0.8,0.001,0.06582119999802671,6.8499138000224775,5.706806282722511,5.0,0.0681060335199201,True,3,3,104
1.0977494376046317,0.6467414838927132,0.705508325781141,0.3750126915318625,0.41311950768743244,6.622143881661551,0.9823436141014099,0.5846025943756104,0.5846025943756104,0.3042254000902176,0.35047149658203125,5.840026140213013,A,105,True,True,0.0681060335199201,0.8,0.001,0.06514529999913066,6.915059100021608,5.65352697095436,5.0,0.0691060335199201,True,3,3,105
1.1017472062792097,0.6551531979015895,0.7120110051972526,0.37848146898405893,0.41691191281591145,6.4624457359313965,1.0271260738372803,0.5796088576316833,0.5796088576316833,0.3015725910663605,0.347545325756073,6.475804805755615,A,106,True,True,0.0691060335199201,0.8,0.001,0.0655536000012944,6.980612700022903,5.601233299075027,5.0,0.0701060335199201,True,3,3,106
1.1116562059947424,0.6641859752791268,0.7209400108882359,0.38387360743113924,0.4213329979351589,6.382763317653111,1.0206632018089294,0.590631365776062,0.590631365776062,0.3087429106235504,0.3523605465888977,6.1340203285217285,A,107,True,True,0.0701060335199201,0.8,0.001,0.06520159999854513,7.045814300021448,5.549898167006106,5.0,0.0711060335199201,True,3,3,107
1.118967890739441,0.6572111930165973,0.7148275034768241,0.3813664828027998,0.4168262609413692,6.493917192731585,1.0281659364700317,0.5900385975837708,0.5900385975837708,0.3083987683057785,0.3520497828722,6.161605596542358,A,108,True,True,0.0711060335199201,0.8,0.001,0.06306760000006761,7.108881900021515,5.499495459132191,5.0,0.0721060335199201,True,3,3,108
1.1258598566055298,0.6699229649135044,0.725691190787724,0.3893044463225773,0.4204834316458021,6.323144776480539,1.0276241302490234,0.5873380601406097,0.5873380899429321,0.3065766543149948,0.35095179080963135,6.106091737747192,A,109,True,True,0.0721060335199201,0.8,0.001,0.06420339999749558,7.173085300019011,5.450000000000003,5.0,0.07310603351992011,True,3,3,109
1.1411853688103812,0.6630685159138271,0.7141883884157453,0.380900182894298,0.4166102579661778,6.5400462831769675,1.0172258019447327,0.5952315330505371,0.5952315032482147,0.31112954020500183,0.3551274240016937,5.772358655929565,A,110,True,True,0.07310603351992011,0.8,0.001,0.06723229999988689,7.240317600018898,5.401387512388503,5.0,0.07410603351992011,True,4,4,110
1.1493520055498396,0.6876306278364999,0.7393730367933001,0.3935113719531468,0.43232706614903044,6.230550765991211,1.0512700080871582,0.5956796407699585,0.5956796407699585,0.3112136572599411,0.35558247566223145,6.147817373275757,A,111,True,True,0.07410603351992011,0.8,0.001,0.06790399999954388,7.308221600018442,5.353634577603145,5.0,0.07510603351992011,True,4,4,111
1.1513399226324899,0.6872197985649109,0.7414340121405465,0.39514155047280447,0.4328655643122537,6.179532051086426,1.0489277839660645,0.5986202359199524,0.5986202657222748,0.3122953474521637,0.35790613293647766,5.995624542236328,A,112,True,True,0.07510603351992011,0.8,0.001,0.06714889999784646,7.375370500016288,5.306718597857838,5.0,0.07610603351992011,True,4,4,112
1.1533878019877843,0.6836646965571812,0.7388169169425964,0.3940571205956595,0.4309497518198831,6.1719561985560825,1.0246161818504333,0.5948143303394318,0.5948143303394318,0.31081879138946533,0.35499444603919983,5.647408485412598,A,113,True,True,0.07610603351992011,0.8,0.001,0.07168610000007902,7.447056600016367,5.260617760617762,5.0,0.07710603351992011,True,4,4,113
1.156551786831447,0.6868293540818351,0.7390280961990356,0.39580653394971577,0.4290269528116499,6.091902256011963,1.037855863571167,0.5950376987457275,0.5950376987457275,0.31094643473625183,0.35511408746242523,5.742976427078247,A,114,True,True,0.07710603351992011,0.8,0.001,0.0666752999968594,7.5137319000132266,5.215311004784688,5.0,0.07810603351992011,True,4,4,114
1.1591772862843104,0.6912096738815308,0.7461417657988412,0.397150171654565,0.4362394767148154,5.991440228053501,1.0420254468917847,0.5941261053085327,0.5941261053085327,0.3094218075275421,0.35588036477565765,5.734503984451294,A,115,True,True,0.07810603351992011,0.8,0.001,0.06724089999988792,7.5809728000131145,5.170777988614802,5.0,0.07910603351992011,True,4,4,115
1.1647631781441825,0.6935989430972508,0.7460993187768119,0.39920135906764437,0.43362241983413696,5.956109864371164,1.052571177482605,0.6037800908088684,0.603780061006546,0.3172243684530258,0.35819458961486816,5.673285961151123,A,116,True,True,0.07910603351992011,0.8,0.001,0.06707710000046063,7.648049900013575,5.126999059266225,5.0,0.08010603351992011,True,4,4,116
1.174890330859593,0.697312729699271,0.752588152885437,0.39900024022374836,0.44198488337653025,5.961818286350796,1.0717079043388367,0.5970080196857452,0.5970080494880676,0.31105466187000275,0.3574416935443878,5.925894260406494,A,117,True,True,0.08010603351992011,0.8,0.001,0.06683840000187047,7.714888300015446,5.083955223880601,5.0,0.08110603351992011,True,4,4,117
1.1795485700879778,0.6940415757043021,0.7486499718257359,0.3983346862452371,0.43789408036640715,5.986077036176409,1.0510472059249878,0.6079260110855103,0.6079260110855103,0.3190877139568329,0.36104781925678253,5.463480234146118,A,118,True,True,0.08110603351992011,0.8,0.001,0.07389229999898816,7.788780600014434,5.0416281221091594,5.0,0.08210603351992012,True,4,4,118
1.1878086498805456,0.7038443003382001,0.7585451602935791,0.4039934916155679,0.44318958691188265,5.894382885524204,1.0475629568099976,0.6049487292766571,0.6049487590789795,0.3169762194156647,0.35996563732624054,5.390764236450195,A,119,True,True,0.08210603351992012,0.8,0.001,0.06712360000165063,7.855904200016084,5.0,5.0,0.08310603351992012,True,4,4,119
1.1824270146233695,0.7044019528797695,0.7581259267670768,0.40445682406425476,0.44208636454173494,5.751989909580776,1.0723254680633545,0.6091016829013824,0.6091016829013824,0.3200084716081619,0.36136652529239655,5.573889255523682,A,120,True,True,0.08310603351992012,0.8,0.001,0.06569559999843477,7.921599800014519,5.0,5.0,0.08884492607515693,True,4,4,120
1.2131605659212386,0.7252841591835022,0.7810903787612915,0.4160644028867994,0.4562824751649584,5.491325582776751,1.0739597082138062,0.6077123880386353,0.6077123880386353,0.3196225017309189,0.36011236906051636,5.247877359390259,A,121,True,True,0.08884492607515693,0.8,0.001,0.07553339999867603,7.997133200013195,5.0,5.0,0.09132369966905951,True,4,4,121
1.2238219124930245,0.7200520123754229,0.7761499455996922,0.41387919017246794,0.4528384336403438,5.51631110055106,1.0651308298110962,0.6083059906959534,0.6083060204982758,0.31959837675094604,0.36088453233242035,5.0022594928741455,A,122,True,True,0.09132369966905951,0.8,0.001,0.07051080000019283,8.067644000013388,5.0,5.0,0.09134629459780097,True,4,4,122
1.225597892488752,0.722816356590816,0.7779392344611031,0.4167385867663792,0.45150081174714224,5.504125935690744,1.0977567434310913,0.6147002875804901,0.6147003173828125,0.32387349009513855,0.36353349685668945,5.288189172744751,A,123,True,True,0.09134629459780097,0.8,0.001,0.06393970000135596,8.131583700014744,5.0,5.0,0.09422818632524849,True,4,4,123
1.2532165902001517,0.7580359748431614,0.813309337411608,0.43558151381356375,0.47215977736881803,5.255121776035854,1.0867658853530884,0.6152181923389435,0.6152181923389435,0.3241720050573349,0.3638077527284622,5.004317045211792,A,124,True,True,0.09422818632524849,0.8,0.001,0.06300610000107554,8.19458980001582,5.0,5.0,0.09427135677736641,True,4,4,124
1.2580354724611555,0.750949467931475,0.8008739692824227,0.43095127173832487,0.4624033740588597,5.379004001617432,1.0935701727867126,0.6195157468318939,0.6195157468318939,0.3261405676603317,0.36671899259090424,5.028615951538086,A,125,True,True,0.09427135677736641,0.8,0.001,0.06317219999982626,8.257762000015646,5.0,5.0,0.09455751629274727,True,4,4,125
1.2500931024551392,0.7427010621343341,0.7965720551354545,0.4268938345568521,0.46209776401519775,5.365961824144636,1.1002418398857117,0.6193332970142365,0.6193332970142365,0.32598622143268585,0.36668384075164795,5.085884094238281,A,126,True,True,0.09455751629274727,0.8,0.0007,0.06614260000060312,8.323904600016249,5.0,5.0,0.09541635723513008,True,4,4,126
1.2487031732286726,0.7453101873397827,0.8002695866993496,0.42806371620723177,0.4652573381151472,5.275751386369977,1.0825427174568176,0.6142515540122986,0.6142515540122986,0.32253098487854004,0.36465074121952057,4.907871246337891,A,127,True,True,0.09541635723513008,0.8,0.0007,0.06886099999974249,8.392765600015991,5.0,5.0,0.09449506969850899,True,4,4,127
1.2353339195251465,0.7460006134850639,0.7997978499957493,0.42833039590290617,0.46433430910110474,5.178400244031634,1.0749812126159668,0.6167523264884949,0.6167523264884949,0.3250298947095871,0.3646530359983444,4.849235773086548,A,128,True,True,0.09449506969850899,0.8,0.0007,0.06628619999901275,8.459051800015004,5.0,5.0,0.09298742742937446,True,4,4,128
1.2312029940741402,0.7267664756093707,0.7798417636326381,0.4171136575085776,0.4534101060458592,5.424781935555594,1.0948430895805359,0.6102637350559235,0.6102637350559235,0.3205741345882416,0.36211200058460236,5.211235284805298,A,129,True,True,0.09298742742937446,0.8,0.0007,0.06350590000147349,8.522557700016478,5.0,5.0,0.09509978027742744,True,4,4,129
1.227841547557286,0.7263569491250175,0.7829760142735073,0.4187242261001042,0.455314712865012,5.273246833256313,1.0787100195884705,0.6197839379310608,0.6197839379310608,0.32596124708652496,0.3672783374786377,4.825732946395874,A,130,True,True,0.09509978027742744,0.8,0.0007,0.06611659999907715,8.588674300015555,5.0,5.0,0.09335710974138618,True,5,5,130
1.2174130848475866,0.7421947887965611,0.7965115564210075,0.42711817366736277,0.46174171566963196,5.090327875954764,1.0850924253463745,0.6079350113868713,0.6079350411891937,0.3189496099948883,0.36123180389404297,5.111098766326904,A,131,True,True,0.09335710974138618,0.8,0.00049,0.07266399999934947,8.661338300014904,5.0,5.0,0.09446809740465523,True,5,5,131
1.2192878893443517,0.7085062095097133,0.7644625050680978,0.40833390610558645,0.44516072954450336,5.406922612871442,1.06849604845047,0.6075954437255859,0.6075954437255859,0.3192744106054306,0.36040130257606506,4.878902435302734,A,132,True,True,0.09446809740465523,0.8,0.00049,0.07704170000215527,8.73838000001706,5.0,5.0,0.09325712175768257,True,5,5,132
1.206885814666748,0.74234938621521,0.8005109940256391,0.427509891135352,0.46625138180596487,4.981243474142892,1.0775800943374634,0.6124109625816345,0.6124109625816345,0.3221105933189392,0.36287544667720795,4.988028049468994,A,133,True,True,0.09325712175768257,0.8,0.00049,0.07487680000122054,8.81325680001828,5.0,5.0,0.0931374022523725,True,5,5,133
1.2083871023995536,0.7140429019927979,0.7699816652706691,0.4137465996401651,0.44529382245881216,5.307687282562256,1.074657142162323,0.6090729236602783,0.6090729236602783,0.3200090527534485,0.3613298535346985,4.998895645141602,A,134,True,True,0.0931374022523725,0.8,0.00049,0.07310839999991003,8.88636520001819,5.0,5.0,0.09312635870378852,True,5,5,134
1.2070236035755701,0.7230338709694999,0.7793075527463641,0.4160315138953073,0.45409504004887175,5.197129317692348,1.067762851715088,0.6065253615379333,0.606525331735611,0.3181522786617279,0.360466331243515,4.952813386917114,A,135,True,True,0.09312635870378852,0.8,0.00049,0.07775109999784036,8.96411630001603,5.0,5.0,0.09265449257295966,True,5,5,135
1.2085501636777605,0.7196181246212551,0.7746481639998299,0.4128378629684448,0.4522628571305956,5.276938438415527,1.0788801908493042,0.6079740226268768,0.6079740226268768,0.3190890997648239,0.36110614240169525,5.0823891162872314,A,136,True,True,0.09265449257295966,0.8,0.000343,0.06923330000063288,9.033349600016663,5.0,5.0,0.09347838373583198,True,5,5,136
1.2139658417020525,0.7215697850499835,0.7786593096596854,0.41566984142575947,0.45373682039124624,5.2674858910696845,1.0784843564033508,0.606304943561554,0.606304943561554,0.3177541196346283,0.3606885224580765,5.051215648651123,A,137,True,True,0.09347838373583198,0.8,0.000343,0.06739910000032978,9.100748700016993,5.0,5.0,0.09399054022234321,True,5,5,137
1.205070870263236,0.7125404136521476,0.7702779684747968,0.4099327027797699,0.45043158531188965,5.240212781088693,1.0713710188865662,0.6050691902637482,0.6050691902637482,0.3172193616628647,0.35981225967407227,4.961156845092773,A,138,True,True,0.09399054022234321,0.8,0.000343,0.06245850000050268,9.163207200017496,5.0,5.0,0.09360210867327094,True,5,5,138
1.222739815711975,0.7303984846387591,0.7882544313158307,0.4210150923047747,0.4590491737638201,5.25993858064924,1.088521659374237,0.604545921087265,0.604545921087265,0.3173506259918213,0.35899409651756287,5.170564651489258,A,139,True,True,0.09360210867327094,0.8,0.000343,0.0629313000026741,9.22613850002017,5.0,5.0,0.09530775518816352,True,5,5,139
1.2271040337426322,0.7080546958105904,0.7644090397017342,0.4079173335007259,0.44561462317194256,5.44603477205549,1.0863787531852722,0.6056206524372101,0.6056206822395325,0.31790636479854584,0.359642893075943,5.0442705154418945,A,140,True,True,0.09530775518816352,0.8,0.000343,0.06525929999770597,9.291397800017876,5.0,5.0,0.09575046034258247,True,5,5,140
1.2119678258895874,0.7128137009484428,0.7689521993909564,0.41076126268931795,0.44773865597588675,5.213073253631592,1.0680127143859863,0.6034132242202759,0.6034131944179535,0.316444456577301,0.3587109297513962,4.852190732955933,A,141,True,True,0.09575046034258247,0.8,0.00024009999999999998,0.0643445999994583,9.355742400017334,5.0,5.0,0.0942723676721418,True,5,5,141
1.2055658442633492,0.7181291324751717,0.7772610783576965,0.41353313837732586,0.4546599302973066,5.170514924185617,1.0751836895942688,0.6026240587234497,0.6026240587234497,0.31623464822769165,0.35798677802085876,5.0127058029174805,A,142,True,True,0.0942723676721418,0.8,0.00024009999999999998,0.06760159999976167,9.423344000017096,5.0,5.0,0.0943994257013166,True,5,5,142
1.2036569629396712,0.7034935099737984,0.7594699774469648,0.4049453777926309,0.4431557314736502,5.298374039786203,1.0778568983078003,0.6062115728855133,0.6062115728855133,0.3183072358369827,0.3598804324865341,4.996273517608643,A,143,True,True,0.0943994257013166,0.8,0.00024009999999999998,0.07100790000185953,9.494351900018955,5.0,5.0,0.09436216087740303,True,5,5,143
1.2093549455915178,0.7163237248148236,0.771289552961077,0.4150696269103459,0.4452749022415706,5.22488260269165,1.0744175910949707,0.6030906736850739,0.6030907034873962,0.3161414563655853,0.35868652164936066,4.9948718547821045,A,144,True,True,0.09436216087740303,0.8,0.00024009999999999998,0.06884419999914826,9.563196100018104,5.0,5.0,0.09431087942522406,True,5,5,144
1.19783958366939,0.7039615341595241,0.7612503085817609,0.4064780388559614,0.4434653265135629,5.23670278276716,1.0724550485610962,0.6010657250881195,0.6010657250881195,0.3149452954530716,0.3576505482196808,4.9982500076293945,A,145,True,True,0.09431087942522406,0.8,0.00024009999999999998,0.06877130000066245,9.631967400018766,5.0,5.0,0.094293379501518,True,5,5,145
1.2178100858415877,0.7213998351778302,0.7770644170897347,0.41541395442826407,0.4520630751337324,5.264529432569232,1.0763261914253235,0.6020666360855103,0.6020666360855103,0.31580910086631775,0.35782189667224884,5.029616594314575,A,146,True,True,0.094293379501518,0.8,0.00016806999999999998,0.06519150000167429,9.69715890002044,5.0,5.0,0.09458954544466376,True,5,5,146
1.2178480625152588,0.7115678446633475,0.7695100477763585,0.4085309164864676,0.45122391411236357,5.352390629904611,1.0927279591560364,0.6022166907787323,0.6022167503833771,0.3160727769136429,0.35767993330955505,5.185681581497192,A,147,True,True,0.09458954544466376,0.8,0.00016806999999999998,0.06708100000105333,9.764239900021494,5.0,5.0,0.09644636125963568,True,5,5,147
1.221254621233259,0.7005165134157453,0.7551379203796387,0.4037704382623945,0.439209337745394,5.399251188550677,1.0910402536392212,0.6020683646202087,0.6020683646202087,0.3159257471561432,0.35767824947834015,5.069884538650513,A,148,True,True,0.09644636125963568,0.8,0.00016806999999999998,0.06538460000228952,9.829624500023783,5.0,5.0,0.0971452066461408,True,5,5,148
1.2251208169119698,0.7148359162466866,0.7720442754881722,0.4129552500588553,0.44886129243033274,5.2528059141976495,1.080295443534851,0.6030611097812653,0.6030610799789429,0.31647083163261414,0.3582378327846527,4.912587642669678,A,149,True,True,0.0971452066461408,0.8,0.00016806999999999998,0.06812750000244705,9.89775200002623,5.0,5.0,0.09627108307283758,True,5,5,149
1.2329195397240775,0.7364959631647382,0.7922751903533936,0.42355106132371084,0.460905168737684,5.1565181868416925,1.0799959301948547,0.6018683314323425,0.6018683314323425,0.3157037943601608,0.35770565271377563,4.966471433639526,A,150,True,True,0.09627108307283758,0.8,0.00016806999999999998,0.06802020000031916,9.96577220002655,5.0,5.0,0.09593579740923285,True,5,5,150
1.2122660875320435,0.697368494101933,0.7534110375813076,0.40308269006865366,0.437910441841398,5.367105620247977,1.0992616415023804,0.5999653339385986,0.5999653339385986,0.3147111088037491,0.35656778514385223,5.2044837474823,A,151,True,True,0.09593579740923285,0.8,0.00016806999999999998,0.06620480000128737,10.031977000027837,5.0,5.0,0.09798063488405584,True,5,5,151
1.2205784150532313,0.6942022783415658,0.7483259439468384,0.4014750974518912,0.4335635559899466,5.372246333530971,1.088832437992096,0.6030509173870087,0.6030509173870087,0.31642842292785645,0.3582781106233597,4.9579339027404785,A,152,True,True,0.09798063488405584,0.8,0.00016806999999999998,0.06444670000200858,10.096423700029845,5.0,5.0,0.09755997391146062,True,5,5,152
1.2230556862694877,0.7273610319410052,0.7829696961811611,0.419752265725817,0.4540217859404428,5.080922331128802,1.0711668133735657,0.6049736738204956,0.6049736738204956,0.3179216533899307,0.3588150292634964,4.778528451919556,A,153,True,True,0.09755997391146062,0.8,0.00016806999999999998,0.06517510000048787,10.161598800030333,5.0,5.0,0.09534525843065618,True,5,5,153
1.2238936935152327,0.737528213432857,0.7945424744061061,0.4239346555301121,0.46325976082256864,5.101097651890346,1.0823698043823242,0.6031906306743622,0.6031906306743622,0.31678585708141327,0.35800598561763763,5.025726556777954,A,154,True,True,0.09534525843065618,0.8,0.00016806999999999998,0.06474340000204393,10.226342200032377,5.0,5.0,0.09560252399843572,True,5,5,154
1.2209874902452742,0.7012887256486076,0.7584463102476937,0.40486593331609455,0.4419754615851811,5.436035905565534,1.1056178212165833,0.6027054190635681,0.6027054190635681,0.31607891619205475,0.3582831472158432,5.26045036315918,A,155,True,True,0.09560252399843572,0.8,0.00016806999999999998,0.06619950000094832,10.292541700033325,5.0,5.0,0.09820702763002752,True,5,5,155
1.220372131892613,0.6878618938582284,0.7476078186716352,0.3970948415143149,0.4381412012236459,5.422323431287493,1.088171362876892,0.6030265390872955,0.6030265390872955,0.3164890557527542,0.35817186534404755,4.940021753311157,A,156,True,True,0.09820702763002752,0.8,0.00016806999999999998,0.07176160000017262,10.364303300033498,5.0,5.0,0.0976072451631391,True,5,5,156
1.223677669252668,0.7284507155418396,0.7835484657968793,0.4200676509312221,0.4543510207108089,5.073669978550503,1.065426230430603,0.6036865711212158,0.6036865413188934,0.31673432886600494,0.3586902469396591,4.730587482452393,A,157,True,True,0.0976072451631391,0.8,0.00016806999999999998,0.06766219999917666,10.431965500032675,5.0,5.0,0.09491311998766302,True,5,5,157
1.2217862606048584,0.7333267756870815,0.7916700414248875,0.4215400218963623,0.4626625052520207,5.146385533469064,1.0888748168945312,0.6006602346897125,0.6006602048873901,0.31451500952243805,0.3576814830303192,5.1438047885894775,A,158,True,True,0.09491311998766302,0.8,0.00016806999999999998,0.06484650000129477,10.49681200003397,5.0,5.0,0.0963511678735578,True,5,5,158
1.2310362032481603,0.6994258761405945,0.7543165257998875,0.4030969057764326,0.43902450799942017,5.517424787793841,1.112347960472107,0.6007066071033478,0.6007066071033478,0.31480729579925537,0.3573741167783737,5.3101723194122314,A,159,True,True,0.0963511678735578,0.8,0.00016806999999999998,0.07248940000135917,10.569301400035329,5.0,5.0,0.09945289106768011,True,5,5,159
1.2358145543507166,0.6986928411892482,0.7585421119417463,0.4020994007587433,0.4455533879143851,5.4007649421691895,1.0907108783721924,0.6034607887268066,0.6034607589244843,0.3169408142566681,0.3581499308347702,4.899305820465088,A,160,True,True,0.09945289106768011,0.8,0.00016806999999999998,0.06730960000277264,10.636611000038101,5.0,5.0,0.098445949272331,True,5,5,160
1.2244578089032854,0.728589015347617,0.7861065523965018,0.4200442561081478,0.4575778671673366,5.0369648933410645,1.074157178401947,0.6064387857913971,0.6064387857913971,0.3190096467733383,0.35928644239902496,4.751016616821289,A,161,True,True,0.098445949272331,0.8,0.00016806999999999998,0.06610390000059851,10.7027149000387,5.0,5.0,0.09595611544054389,True,5,5,161
1.2106126376560755,0.7242189645767212,0.7827152184077671,0.417038551398686,0.45709581460271564,5.068917955671038,1.0760131478309631,0.6041568219661713,0.6041567921638489,0.3175385743379593,0.3582727760076523,4.917418003082275,A,162,True,True,0.09595611544054389,0.8,0.00011764899999999998,0.06739089999973658,10.770105800038436,5.0,5.0,0.09513029547136664,True,5,5,162
1.2056780202048165,0.7078877942902702,0.7636775289263044,0.40867567488125395,0.44375230159078327,5.232720238821847,1.0802825689315796,0.6028079688549042,0.6028079092502594,0.31672509014606476,0.3576035499572754,5.019164323806763,A,163,True,True,0.09513029547136664,0.8,0.00011764899999999998,0.06397809999907622,10.834083900037513,5.0,5.0,0.09532193870943427,True,5,5,163
1.212241802896772,0.706958396094186,0.7650215370314462,0.4079690320151193,0.4463156248841967,5.300809247153146,1.0809887051582336,0.601574718952179,0.601574718952179,0.31585341691970825,0.357151597738266,5.029419183731079,A,164,True,True,0.09532193870943427,0.8,0.00011764899999999998,0.06317829999898095,10.897262200036494,5.0,5.0,0.09561613054674506,True,5,5,164
1.2169291802815028,0.7128472243036542,0.7695476327623639,0.41193975295339313,0.4470098486968449,5.271934304918561,1.0751831531524658,0.6008628308773041,0.6008628606796265,0.31530599296092987,0.35694608092308044,4.960672378540039,A,165,True,True,0.09561613054674506,0.8,0.00011764899999999998,0.06543579999924987,10.962698000035743,5.0,5.0,0.09522285433214545,True,5,5,165
1.2124530247279577,0.7165132590702602,0.774376026221684,0.41296112537384033,0.4517686069011688,5.208200863429478,1.0763757228851318,0.6008684039115906,0.6008684039115906,0.3151000589132309,0.3572104275226593,4.993626356124878,A,166,True,True,0.09522285433214545,0.8,0.00011764899999999998,0.06688519999806886,11.029583200033812,5.0,5.0,0.09515911789339422,True,5,5,166
1.201260004724775,0.7026764495032174,0.755767115524837,0.40648546389171053,0.43660207305635723,5.239472048623221,1.0735999941825867,0.6008313298225403,0.6008313298225403,0.31521958112716675,0.3570146858692169,4.968190908432007,A,167,True,True,0.09515911789339422,0.8,8.235429999999999e-05,0.0697571999990032,11.099340400032816,5.0,5.0,0.0948410269777143,True,5,5,167
1.1998234987258911,0.7053038563047137,0.7607253875051226,0.40786226306642803,0.44107888851846966,5.214195592062814,1.0705457925796509,0.6005917191505432,0.6005917191505432,0.3151102066040039,0.35685186088085175,4.955177307128906,A,168,True,True,0.0948410269777143,0.8,8.235429999999999e-05,0.06275489999825368,11.16209530003107,5.0,5.0,0.09439280004900336,True,5,5,168
1.2064452001026698,0.7114407931055341,0.767532297543117,0.41147908568382263,0.4450665158884866,5.244090761457171,1.0771177411079407,0.6004120111465454,0.6004120111465454,0.31484846770763397,0.356954425573349,5.050234079360962,A,169,True,True,0.09439280004900336,0.8,8.235429999999999e-05,0.0658874000000651,11.227982700031134,5.0,5.0,0.09489514084261297,True,5,5,169
1.2040197168077742,0.6994099957602364,0.7535531435694013,0.40262904337474276,0.4386551082134247,5.317550727299282,1.0801414847373962,0.5998334884643555,0.5998334884643555,0.3144654780626297,0.3567100167274475,5.061460494995117,A,170,True,True,0.09489514084261297,0.8,8.235429999999999e-05,0.06316119999974035,11.291143900030875,5.0,5.0,0.09550974579256415,True,6,6,170
1.2106190068381173,0.7038335374423436,0.7580037372452872,0.4047435522079468,0.4415752249104636,5.3061128343854636,1.08077472448349,0.5991791486740112,0.5991791486740112,0.31413744390010834,0.35630208253860474,5.042371034622192,A,171,True,True,0.09550974579256415,0.8,8.235429999999999e-05,0.06532359999982873,11.356467500030703,5.0,5.0,0.09593345613878607,True,6,6,171
1.2103002752576555,0.7012402244976589,0.7567560502461025,0.40401520899363924,0.4409260536943163,5.306386811392648,1.0824437141418457,0.5995618104934692,0.5995618104934692,0.31439097225666046,0.35646355152130127,5.033509016036987,A,172,True,True,0.09593345613878607,0.8,5.764800999999999e-05,0.0669530000013765,11.42342050003208,5.0,5.0,0.09626854629915593,True,6,6,172
1.2111738068716866,0.7013470530509949,0.7570553762572152,0.40326835002217976,0.4422337625707899,5.295880453927176,1.0822473168373108,0.6004773080348969,0.6004772782325745,0.314950093626976,0.35690897703170776,5.004438400268555,A,173,True,True,0.09626854629915593,0.8,5.764800999999999e-05,0.06780470000012428,11.491225200032204,5.0,5.0,0.09631293030184147,True,6,6,173
1.2147986548287528,0.710084889616285,0.7627739139965602,0.4080762778009687,0.4433720452444894,5.2403532436915805,1.0815973281860352,0.6008519530296326,0.6008519530296326,0.31520508229732513,0.3570585995912552,4.991493463516235,A,174,True,True,0.09631293030184147,0.8,5.764800999999999e-05,0.06913530000019819,11.560360500032402,5.0,5.0,0.09622786493700383,True,6,6,174
1.2201627152306693,0.7159321819032941,0.771070625100817,0.41167073590414865,0.4492498551096235,5.239964008331299,1.081669807434082,0.6007528007030487,0.6007528007030487,0.3150801658630371,0.3570908010005951,4.997689962387085,A,175,True,True,0.09622786493700383,0.8,5.764800999999999e-05,0.0669426000022213,11.627303100034624,5.0,5.0,0.09620476456087468,True,6,6,175
1.2043364899499076,0.6995396954672677,0.7526541778019497,0.402138169322695,0.43814499037606375,5.247107982635498,1.0817245841026306,0.6002944111824036,0.6002944111824036,0.31470897793769836,0.3569817990064621,5.004224061965942,A,176,True,True,0.09620476456087468,0.8,5.764800999999999e-05,0.06784709999919869,11.695150200033822,5.0,5.0,0.0962470051805341,True,6,6,176
1.2239182676587785,0.7195629562650409,0.7726385848862785,0.41311292137418476,0.4494070666176932,5.240218571254185,1.0794161558151245,0.599716454744339,0.599716454744339,0.31431610882282257,0.3567504435777664,4.984048366546631,A,177,True,True,0.0962470051805341,0.8,4.035360699999999e-05,0.07573359999878448,11.770883800032607,5.0,5.0,0.09608748884600041,True,6,6,177
1.213299376623971,0.7089927026203701,0.7648624777793884,0.4072278354849134,0.4470432869025639,5.248411587306431,1.0765053629875183,0.5992207229137421,0.5992207229137421,0.3140314817428589,0.35648657381534576,4.967188835144043,A,178,True,True,0.09608748884600041,0.8,4.035360699999999e-05,0.07054190000053495,11.841425700033142,5.0,5.0,0.09575937719744083,True,6,6,178
1.2079068422317505,0.706597353730883,0.7611287747110639,0.40621417335101534,0.44364326340811594,5.235095500946045,1.0751108527183533,0.5992731153964996,0.599273145198822,0.31416043639183044,0.3563908636569977,4.969098329544067,A,179,True,True,0.09575937719744083,0.8,4.035360699999999e-05,0.06687410000085947,11.908299800034001,5.0,5.0,0.09545036049288151,True,6,6,179
1.2286286183765955,0.7279620511191232,0.7821859121322632,0.41915943367140635,0.4537830948829651,5.245308058602469,1.0757002234458923,0.5992435216903687,0.5992435216903687,0.31419357657432556,0.35631243884563446,4.99167013168335,A,180,True,True,0.09545036049288151,0.8,4.035360699999999e-05,0.06652050000047893,11.97482030003448,5.0,5.0,0.095367061809715,True,6,6,180
1.2095460721424647,0.706160809312548,0.760664803641183,0.40566628745623995,0.4437481335231236,5.278397560119629,1.081368327140808,0.598762571811676,0.598762571811676,0.3138750344514847,0.3561094254255295,5.060507774353027,A,181,True,True,0.095367061809715,0.8,4.035360699999999e-05,0.06470030000127736,12.039520600035758,5.0,5.0,0.09597213955324528,True,6,6,181
1.2130905900682722,0.7030135307993207,0.7557650038174221,0.40487397994313923,0.4386137766497476,5.314845017024449,1.0858870148658752,0.5986455082893372,0.5986455380916595,0.31378935277462006,0.35607022047042847,5.076905965805054,A,182,True,True,0.09597213955324528,0.8,2.8247524899999994e-05,0.065820599997096,12.105341200032854,5.0,5.0,0.09674119921129581,True,6,6,182
1.2130986962999617,0.6986904995782035,0.7546940275600978,0.40138139043535503,0.4416407857622419,5.317364420209612,1.087615966796875,0.598793089389801,0.598793089389801,0.31386426091194153,0.3561610132455826,5.0528929233551025,A,183,True,True,0.09674119921129581,0.8,2.8247524899999994e-05,0.06927400000131456,12.174615200034168,5.0,5.0,0.09727012844484684,True,6,6,183
1.2086279732840401,0.6939338956560407,0.7484205961227417,0.39930974159921917,0.43638854367392405,5.291388784136091,1.0862526297569275,0.5991790294647217,0.5991790294647217,0.31414200365543365,0.35629624128341675,5.007432460784912,A,184,True,True,0.09727012844484684,0.8,2.8247524899999994e-05,0.06976439999925788,12.244379600033426,5.0,5.0,0.09734445305269596,True,6,6,184
1.2203664779663086,0.7115906987871442,0.7648429019110543,0.40915736130305697,0.44460690873009817,5.226551464625767,1.0845207571983337,0.5994440615177155,0.5994440615177155,0.31434138119220734,0.35637833178043365,4.983095407485962,A,185,True,True,0.09734445305269596,0.8,2.8247524899999994e-05,0.06466569999975036,12.309045300033176,5.0,5.0,0.09717540712755557,True,6,6,185
1.2271125316619873,0.7210559248924255,0.7751132334981646,0.4145679175853729,0.4506816395691463,5.2076616287231445,1.0828787088394165,0.5991222262382507,0.5991222262382507,0.3141174912452698,0.3562559187412262,4.97817850112915,A,186,True,True,0.09717540712755557,0.8,2.8247524899999994e-05,0.06641180000224267,12.375457100035419,5.0,5.0,0.09695719213884707,True,6,6,186
1.2215368747711182,0.7116564852850777,0.7667501739093235,0.4086974050317492,0.44756595151765005,5.258819580078125,1.0839917659759521,0.5987339317798615,0.5987339317798615,0.31382429599761963,0.3561370521783829,5.0048668384552,A,187,True,True,0.09695719213884707,0.8,1.9773267429999995e-05,0.06586959999913233,12.441326700034551,5.0,5.0,0.09700586052339907,True,6,6,187
1.216132368360247,0.7062545674187797,0.7611001900264195,0.40665953925677706,0.44305081026894705,5.256154469081333,1.0847630500793457,0.5983181893825531,0.5983182191848755,0.31355202198028564,0.3559577167034149,5.01459264755249,A,188,True,True,0.09700586052339907,0.8,1.9773267429999995e-05,0.0650220999996236,12.506348800034175,5.0,5.0,0.09715178699892398,True,6,6,188
1.2010748726981026,0.6909345218113491,0.7450383390699115,0.3984343707561493,0.43325494868414743,5.250962325504848,1.0843148827552795,0.5982636213302612,0.5982636213302612,0.31350959837436676,0.3559425324201584,5.003008842468262,A,189,True,True,0.09715178699892398,0.8,1.9773267429999995e-05,0.06451800000286312,12.570866800037038,5.0,5.0,0.0971818754236066,True,6,6,189
1.2134312902178084,0.704447763306754,0.7591911724635533,0.4051369343485151,0.4425677955150604,5.237432547977993,1.0818554162979126,0.598483681678772,0.598483681678772,0.3136380910873413,0.35605698823928833,4.973887205123901,A,190,True,True,0.0971818754236066,0.8,1.9773267429999995e-05,0.06658429999879445,12.637451100035832,5.0,5.0,0.09692074747484561,True,6,6,190
1.2239039284842355,0.7185974291392735,0.7736054488590786,0.414024076291493,0.4494767189025879,5.213604722704206,1.0789322257041931,0.5986388623714447,0.5986388623714447,0.3137279599905014,0.3561386168003082,4.955526828765869,A,191,True,True,0.09692074747484561,0.8,1.9773267429999995e-05,0.06750069999907282,12.704951800034905,5.0,5.0,0.0964760157625043,True,6,6,191
1.2199877500534058,0.7187143053327288,0.7742747494152614,0.4126155844756535,0.4520739572388785,5.19583477292742,1.0769802927970886,0.5987226366996765,0.5987226366996765,0.3137976974248886,0.3561561703681946,4.9572694301605225,A,192,True,True,0.0964760157625043,0.8,1.3841287200999995e-05,0.06308469999930821,12.768036500034214,5.0,5.0,0.09604871006410952,True,6,6,192
1.210375155721392,0.7082018852233887,0.7639444555555072,0.4076219711984907,0.4454030990600586,5.22831848689488,1.0762754678726196,0.5987823605537415,0.5987823903560638,0.31385450065135956,0.35615988075733185,4.971363544464111,A,193,True,True,0.09604871006410952,0.8,1.3841287200999995e-05,0.06305919999795151,12.831095700032165,5.0,5.0,0.09576234550875064,True,6,6,193
1.2116692917687553,0.7130397728511265,0.7660577722958156,0.4105009947504316,0.4444459634167807,5.206947871616909,1.075770914554596,0.5986984968185425,0.5986985266208649,0.3138286620378494,0.3560873121023178,4.981837749481201,A,194,True,True,0.09576234550875064,0.8,1.3841287200999995e-05,0.06259130000034929,12.893687000032514,5.0,5.0,0.09558072300356264,True,6,6,194
1.2077139956610543,0.7055738823754447,0.763466341154916,0.4063761404582432,0.4463627466133663,5.253571169716971,1.0760108828544617,0.5986511707305908,0.5986511707305908,0.3138061612844467,0.35605625808238983,4.994309663772583,A,195,True,True,0.09558072300356264,0.8,1.3841287200999995e-05,0.06289499999911641,12.95658200003163,5.0,5.0,0.09552381964128848,True,6,6,195
1.2101706777300154,0.7084067208426339,0.7628401347569057,0.40857627987861633,0.44282981753349304,5.252762862614223,1.0758760571479797,0.5985607802867889,0.5985607802867889,0.3137425631284714,0.3560227304697037,4.996819496154785,A,196,True,True,0.09552381964128848,0.8,1.3841287200999995e-05,0.06557729999985895,13.02215930003149,5.0,5.0,0.09549201460283632,True,6,6,196
1.20784934929439,0.7052752716200692,0.7600780214582171,0.4051425925322941,0.443669285093035,5.262995856148856,1.0760558247566223,0.5985065400600433,0.598506510257721,0.3136870712041855,0.35602429509162903,5.00093412399292,A,197,True,True,0.09549201460283632,0.8,9.688901040699997e-06,0.06504409999979543,13.087203400031285,5.0,5.0,0.09550135584276552,True,6,6,197
1.2139887980052404,0.7141086033412388,0.7703679289136615,0.4104525702340262,0.4498941855771201,5.234273297446115,1.07671320438385,0.5985307693481445,0.5985307693481445,0.31368592381477356,0.3560560494661331,5.007075309753418,A,198,True,True,0.09550135584276552,0.8,9.688901040699997e-06,0.06389219999982743,13.151095600031113,5.0,5.0,0.0955721089402997,True,6,6,198
1.2141422373907906,0.713138997554779,0.7685860480581012,0.4093685405594962,0.4490218928882054,5.242149080548968,1.0780367851257324,0.5985738933086395,0.5985738635063171,0.3137032836675644,0.35608823597431183,5.016765832901001,A,199,True,True,0.0955721089402997,0.8,9.688901040699997e-06,0.062153299997589784,13.213248900028702,5.0,5.0,0.09573976726930972,True,6,6,199
