feature,mean_diff,std_diff,mae,q05,q50,q95
fou_000,-0.011191594414412975,0.09689147770404816,0.08182954043149948,-0.16391056776046753,0.0016342401504516602,0.13766418397426605
fou_001,0.007490075659006834,0.18289156258106232,0.15651293098926544,-0.26864004135131836,-0.025699228048324585,0.3129867613315582
fou_002,0.023179421201348305,0.1303015649318695,0.110562764108181,-0.1923685073852539,0.015560388565063477,0.21855662763118744
fou_003,-0.0038810865953564644,0.12111873924732208,0.09164784103631973,-0.22327908873558044,0.006766043603420258,0.16697031259536743
fou_004,-0.005039725452661514,0.16887208819389343,0.13886521756649017,-0.30918487906455994,0.026515156030654907,0.23762190341949463
fou_005,-0.007657308131456375,0.09597481042146683,0.07705692201852798,-0.18091759085655212,-0.0011204034090042114,0.1424131691455841
fou_006,0.043151844292879105,0.15432973206043243,0.12522225081920624,-0.25132521986961365,0.03801871836185455,0.31153079867362976
fou_007,-0.019475676119327545,0.12262813001871109,0.10898981243371964,-0.20852236449718475,-0.025311410427093506,0.1635236293077469
fou_008,-0.01102042943239212,0.11647164821624756,0.09234008938074112,-0.22828878462314606,0.0012698173522949219,0.17412813007831573
fou_009,0.00929257832467556,0.08712868392467499,0.07270675897598267,-0.1619255244731903,0.028422366827726364,0.12623754143714905
fou_010,0.001070109661668539,0.08411351591348648,0.07010312378406525,-0.1348385065793991,0.004088632762432098,0.12154579162597656
fou_011,-0.014496063813567162,0.08219248801469803,0.06893500685691833,-0.14459745585918427,-0.017893292009830475,0.10513568669557571
fou_012,-0.009284518659114838,0.09436974674463272,0.0777709111571312,-0.17038948833942413,-0.005684345960617065,0.1297169178724289
fou_013,0.016990872099995613,0.11364591866731644,0.0951307862997055,-0.19056232273578644,0.03167669475078583,0.16784660518169403
fou_014,1.1424645890656393e-05,0.06415053457021713,0.05285520851612091,-0.10734546929597855,0.0028456225991249084,0.09942188858985901
fou_015,-0.004086667206138372,0.06183873862028122,0.05054299905896187,-0.11020832508802414,0.0005727075040340424,0.09082411974668503
fou_016,-0.002123134443536401,0.06931256502866745,0.05502711236476898,-0.12788499891757965,0.001253560185432434,0.09807707369327545
fou_017,0.0013163912808522582,0.08236861974000931,0.06767675280570984,-0.1595596969127655,0.02030438557267189,0.10755141824483871
fou_018,0.005553636699914932,0.06458421796560287,0.051785726100206375,-0.10383565723896027,0.012803297489881516,0.1003894954919815
fou_019,0.020545249804854393,0.05324317887425423,0.0470515675842762,-0.07583174109458923,0.027717843651771545,0.09438223391771317
fou_020,-0.0024140761233866215,0.052477266639471054,0.042139217257499695,-0.09766136109828949,0.003363359719514847,0.07926624268293381
fou_021,0.0007661830168217421,0.055788926780223846,0.045069869607686996,-0.09076901525259018,0.0005730651319026947,0.08567195385694504
fou_022,0.015425210818648338,0.05812999978661537,0.04917927086353302,-0.10312459617853165,0.02521704137325287,0.09345480799674988
fou_023,0.009924679063260555,0.06329571455717087,0.053120870143175125,-0.10882929712533951,0.01913635805249214,0.09612391889095306
fou_024,-0.010679680854082108,0.04880218952894211,0.039538346230983734,-0.09460663795471191,-0.008345935493707657,0.06555329263210297
fou_025,-0.010745849460363388,0.050668831914663315,0.040437836199998856,-0.10038808733224869,-0.008718695491552353,0.06186635419726372
fou_026,0.005456203129142523,0.04955190792679787,0.039519619196653366,-0.08205538243055344,0.008834738284349442,0.07688076049089432
fou_027,0.011225125752389431,0.0516497939825058,0.0432535745203495,-0.08459118008613586,0.017482783645391464,0.08017531037330627
fou_028,0.018431536853313446,0.0522361695766449,0.04606812819838524,-0.08013223856687546,0.027030687779188156,0.09088536351919174
fou_029,-0.008137927390635014,0.04594065994024277,0.036619991064071655,-0.08521133661270142,-0.00503876805305481,0.0612507127225399
fou_030,-0.014701876789331436,0.04628729447722435,0.03821011632680893,-0.09688225388526917,-0.012154869735240936,0.056178536266088486
fou_031,0.011399846524000168,0.04465636983513832,0.03744329884648323,-0.07141201198101044,0.014752514660358429,0.07606813311576843
fou_032,-0.010242327116429806,0.04864780604839325,0.037322282791137695,-0.10590539127588272,-0.005796261131763458,0.056973230093717575
fou_033,0.0023564044386148453,0.044598694890737534,0.035257477313280106,-0.0764767974615097,0.008675120770931244,0.06365840882062912
fou_034,-0.00526566244661808,0.04224683344364166,0.03448309004306793,-0.0780375599861145,-0.005830869078636169,0.062010668218135834
fou_035,0.011169705539941788,0.0427444726228714,0.03591827303171158,-0.06275242567062378,0.01448790356516838,0.07475452870130539
fou_036,-0.000216483895201236,0.041703999042510986,0.03375206142663956,-0.07083521038293839,0.0015516579151153564,0.0629776194691658
fou_037,0.002029753988608718,0.04509681463241577,0.03527962043881416,-0.08536958694458008,0.009048188105225563,0.06186939403414726
fou_038,-0.004068183712661266,0.04326426237821579,0.03410738334059715,-0.08543344587087631,0.003981670364737511,0.053680796176195145
fou_039,-0.002018168568611145,0.04352693259716034,0.03590099513530731,-0.07515560835599899,-0.0016153082251548767,0.07145039737224579
fou_040,0.0016266050515696406,0.040903255343437195,0.033200863748788834,-0.06816940754652023,0.006172191351652145,0.062268443405628204
fou_041,0.002045012079179287,0.036922305822372437,0.02896568737924099,-0.06810084730386734,0.005685852840542793,0.057270172983407974
fou_042,0.003251767950132489,0.03935418277978897,0.03145640715956688,-0.07042315602302551,0.007980477064847946,0.054879091680049896
fou_043,0.006008594762533903,0.04084796831011772,0.03372512757778168,-0.06827520579099655,0.012145992368459702,0.061331115663051605
fou_044,-0.0016970183933153749,0.04478656128048897,0.03706914559006691,-0.07564481347799301,0.0022692307829856873,0.06594844907522202
fou_045,-0.0025994055904448032,0.038290221244096756,0.030000858008861542,-0.07424595952033997,0.0013440921902656555,0.054560914635658264
fou_046,-0.007248718291521072,0.03827502205967903,0.031445931643247604,-0.07065007090568542,-0.004549525678157806,0.05003327503800392
fou_047,0.00022470354451797903,0.037461500614881516,0.029505854472517967,-0.06896147131919861,0.0063009969890117645,0.05402441695332527
fou_048,0.006800994277000427,0.0425896942615509,0.03528141602873802,-0.07027289271354675,0.009389270097017288,0.07035043835639954
fou_049,0.009989085607230663,0.04173635318875313,0.03497759997844696,-0.06493156403303146,0.014760332182049751,0.07235661894083023
fou_050,-0.007723171729594469,0.04283545911312103,0.03346679359674454,-0.09175107628107071,-0.00070137158036232,0.051585372537374496
fou_051,-0.004277110565453768,0.04228059574961662,0.03403858840465546,-0.07511204481124878,0.0016791187226772308,0.0549924336373806
fou_052,-0.010852034203708172,0.043946269899606705,0.03672114759683609,-0.08607348054647446,-0.0075346603989601135,0.053819604218006134
fou_053,-9.566724475007504e-05,0.04729462042450905,0.037017010152339935,-0.09224743396043777,0.005130946636199951,0.06493385136127472
fou_054,-0.005540512967854738,0.04746253043413162,0.0374644435942173,-0.09119680523872375,7.552653551101685e-05,0.0621284544467926
fou_055,0.0026837862096726894,0.04437321051955223,0.03603694587945938,-0.07784397155046463,0.007709380239248276,0.06858331710100174
fou_056,-0.005056398920714855,0.05168429762125015,0.04147593677043915,-0.10132096707820892,-0.0007526464760303497,0.07310934364795685
fou_057,-0.007565536070615053,0.04990777000784874,0.04057200253009796,-0.09985518455505371,-0.0011740997433662415,0.06440246850252151
fou_058,0.006983625702559948,0.051612548530101776,0.04362550750374794,-0.08671270310878754,0.01423492282629013,0.07925308495759964
fou_059,-0.007077036891132593,0.05467428267002106,0.043197356164455414,-0.10735014826059341,0.0017808936536312103,0.06333726644515991
fou_060,0.003420512657612562,0.058529093861579895,0.04942027106881142,-0.09569959342479706,0.009821232408285141,0.09012793749570847
fou_061,0.007334470748901367,0.05108039826154709,0.042295366525650024,-0.08369307965040207,0.005901161581277847,0.08281639218330383
fou_062,-0.0049760169349610806,0.06279809027910233,0.050082966685295105,-0.127412348985672,0.004524830728769302,0.08002430945634842
fou_063,-0.0036042588762938976,0.05918131396174431,0.04939347133040428,-0.11231708526611328,0.007172487676143646,0.08033018559217453
fou_064,0.006330558098852634,0.06049339100718498,0.048391085118055344,-0.09381319582462311,0.009403977543115616,0.10532261431217194
fou_065,0.0007285353494808078,0.0655435100197792,0.05216825380921364,-0.10593491792678833,0.002632327377796173,0.09532224386930466
fou_066,-0.005514947697520256,0.0702069103717804,0.05840562283992767,-0.12661020457744598,0.005637183785438538,0.09129640460014343
fou_067,-0.004208676051348448,0.07062078267335892,0.05419640615582466,-0.13585366308689117,0.00474567711353302,0.09238123893737793
fou_068,-0.006602102424949408,0.08842519670724869,0.0718151107430458,-0.17171193659305573,0.011148884892463684,0.10732201486825943
fou_069,-0.0014965417794883251,0.08816613256931305,0.07336132973432541,-0.14933085441589355,-0.007674843072891235,0.13476969301700592
fou_070,-0.002663771854713559,0.08304420858621597,0.0677066445350647,-0.1488305628299713,0.006037674844264984,0.11286535114049911
fou_071,0.006684145890176296,0.0934523344039917,0.07779818773269653,-0.16974520683288574,0.023722276091575623,0.14004193246364594
fou_072,-0.013741089962422848,0.13421006500720978,0.11108040064573288,-0.232108473777771,-0.01533816009759903,0.2140173465013504
fou_073,0.030321285128593445,0.13524319231510162,0.12110431492328644,-0.18502655625343323,0.045431315898895264,0.23264361917972565
fou_074,0.01008429005742073,0.09667350351810455,0.07987440377473831,-0.16646455228328705,0.031480465084314346,0.1342383176088333
fou_075,-0.018228711560368538,0.12492554634809494,0.10506683588027954,-0.22180314362049103,-0.0059189572930336,0.1665675938129425
fac_000,-17.19599151611328,102.5251693725586,83.36152648925781,-188.1363983154297,-13.506584167480469,165.09188842773438
fac_001,-38.2656135559082,122.025390625,107.3516616821289,-227.6358642578125,-39.93963623046875,161.9098663330078
fac_002,-7.870179653167725,134.87286376953125,112.98271179199219,-238.89097595214844,5.458953857421875,178.60968017578125
fac_003,1.3574447631835938,104.44833374023438,84.64596557617188,-200.53558349609375,14.76019287109375,157.21658325195312
fac_004,-4.192581653594971,51.17634582519531,39.251251220703125,-97.12455749511719,-0.610260009765625,69.36275482177734
fac_005,-3.003114938735962,83.22880554199219,58.56256866455078,-166.24180603027344,2.7752685546875,149.49488830566406
fac_006,1.3912255764007568,12.619729042053223,10.871068954467773,-17.400897979736328,-0.004725456237792969,20.952970504760742
fac_007,0.6391783356666565,7.542116641998291,6.292662143707275,-11.814107894897461,0.3592061996459961,12.965374946594238
fac_008,0.8390429615974426,9.09630012512207,7.513323783874512,-15.066265106201172,1.2042350769042969,15.480192184448242
fac_009,-1.157006859779358,4.321422576904297,3.7226083278656006,-8.638350486755371,-1.274388313293457,5.45426082611084
fac_010,-1.111290693283081,4.270924091339111,3.6276674270629883,-7.842687129974365,-1.4741644859313965,6.626551628112793
fac_011,-0.46929246187210083,3.7062244415283203,3.048544406890869,-6.281842231750488,-1.0669937133789062,6.07951545715332
fac_012,-15.564783096313477,83.94166564941406,74.15758514404297,-136.0160369873047,-20.238189697265625,120.61077117919922
fac_013,-18.031278610229492,106.35511016845703,86.8089370727539,-190.83377075195312,-15.176467895507812,142.86610412597656
fac_014,1.4897925853729248,93.00909423828125,73.12535858154297,-172.62767028808594,5.372833251953125,138.7471923828125
fac_015,-4.038079261779785,81.02611541748047,64.59519958496094,-163.8032684326172,16.645477294921875,93.52867126464844
fac_016,3.750300884246826,52.04640197753906,40.822845458984375,-78.411376953125,0.3804931640625,85.59998321533203
fac_017,10.040694236755371,93.88899230957031,71.81724548339844,-112.93437194824219,-11.51202392578125,191.9803009033203
fac_018,0.8847663998603821,10.433143615722656,8.789032936096191,-15.573885917663574,0.6130409240722656,17.368396759033203
fac_019,-1.9399586915969849,7.187897682189941,6.0298051834106445,-13.813980102539062,-2.169443130493164,9.589279174804688
fac_020,-0.9470298886299133,8.201702117919922,6.689279556274414,-16.211788177490234,-0.7103939056396484,11.933857917785645
fac_021,0.362089067697525,5.140132904052734,4.047276496887207,-8.074203491210938,-0.38138246536254883,9.333738327026367
fac_022,0.07621045410633087,3.948399782180786,3.228344202041626,-5.996674537658691,-0.15316486358642578,6.936553955078125
fac_023,-0.2122069001197815,4.339897632598877,3.4660284519195557,-8.341514587402344,0.8689231872558594,5.8451972007751465
fac_024,-7.158660411834717,62.53483963012695,50.7873420715332,-108.83285522460938,-11.660873413085938,103.74898529052734
fac_025,21.034343719482422,103.21797180175781,89.40586853027344,-159.2540740966797,36.055023193359375,180.60818481445312
fac_026,1.6588891744613647,76.59538269042969,62.042354583740234,-132.58726501464844,19.87261962890625,97.64186096191406
fac_027,13.702393531799316,74.4413833618164,62.46908187866211,-120.41722869873047,25.084503173828125,114.48368072509766
fac_028,-16.207481384277344,110.48351287841797,92.88252258300781,-164.2814483642578,-41.039215087890625,204.5122528076172
fac_029,11.007006645202637,69.02689361572266,51.78907775878906,-109.90496063232422,6.013702392578125,131.76309204101562
fac_030,-2.116518020629883,8.062980651855469,6.789391040802002,-13.84852409362793,-2.62998104095459,13.439461708068848
fac_031,1.140368938446045,7.885043144226074,6.5588483810424805,-10.417078971862793,1.1174249649047852,14.537771224975586
fac_032,0.6758381724357605,10.92274284362793,9.39085578918457,-15.985660552978516,0.1600027084350586,18.30531883239746
fac_033,0.1358182579278946,4.3931169509887695,3.672018527984619,-7.0153374671936035,-0.39576148986816406,7.438572883605957
fac_034,-0.3718632459640503,5.267530918121338,4.331493377685547,-9.957743644714355,-0.9355368614196777,8.369354248046875
fac_035,-1.3184475898742676,5.65420389175415,4.861424446105957,-10.896576881408691,-1.7170259952545166,7.058781147003174
fac_036,18.078414916992188,93.80416870117188,76.53739166259766,-145.93826293945312,21.543258666992188,175.6311798095703
fac_037,-0.7459640502929688,121.16633605957031,98.74818420410156,-228.46136474609375,17.38104248046875,163.15121459960938
fac_038,-8.288440704345703,127.70145416259766,106.69078063964844,-232.90374755859375,-10.449066162109375,171.83078002929688
fac_039,10.714591979980469,102.34429168701172,84.75872039794922,-171.30197143554688,29.931304931640625,150.68592834472656
fac_040,4.054749011993408,73.88377380371094,57.52410125732422,-88.0401611328125,-11.002227783203125,153.93153381347656
fac_041,-7.366338729858398,79.474609375,65.25768280029297,-116.21649169921875,-25.2659912109375,153.9378204345703
fac_042,0.3644443452358246,7.862700462341309,6.863582134246826,-12.970629692077637,1.9046106338500977,11.841802597045898
fac_043,-1.463059663772583,7.127641201019287,5.823891639709473,-12.696675300598145,-1.5486087799072266,10.695084571838379
fac_044,-1.3821120262145996,9.256755828857422,7.673859119415283,-14.506261825561523,-1.8404960632324219,13.357071876525879
fac_045,0.18270669877529144,4.847113609313965,3.787843704223633,-8.181497573852539,-0.06149411201477051,8.259737014770508
fac_046,0.438017338514328,5.535139083862305,4.778158187866211,-7.773656845092773,-0.33153271675109863,8.993851661682129
fac_047,0.6272955536842346,5.444183349609375,4.551374435424805,-7.2635273933410645,-0.3625493049621582,9.368473052978516
fac_048,6.764454364776611,62.05931854248047,51.29889678955078,-104.9930419921875,13.691574096679688,94.9157943725586
fac_049,-0.30115264654159546,111.48458862304688,91.26789093017578,-214.8528289794922,26.484893798828125,149.40281677246094
fac_050,-8.941705703735352,131.63177490234375,106.3879623413086,-262.0274353027344,-1.141998291015625,164.7495574951172
fac_051,3.308406352996826,106.74681854248047,87.07592010498047,-191.27847290039062,31.191314697265625,133.93301391601562
fac_052,2.151224136352539,96.39729309082031,77.77950286865234,-112.162109375,-24.20025634765625,200.88427734375
fac_053,34.33342361450195,80.97765350341797,67.49002838134766,-99.04821014404297,28.360504150390625,173.7205352783203
fac_054,-1.2286314964294434,10.094600677490234,8.613683700561523,-16.19040298461914,-1.1659860610961914,16.201980590820312
fac_055,0.4835267663002014,8.304536819458008,6.607083797454834,-12.523140907287598,-0.03954029083251953,15.861413955688477
fac_056,-4.809199333190918,11.771925926208496,10.928230285644531,-22.07054901123047,-5.650711536407471,13.322904586791992
fac_057,0.975348949432373,4.37265157699585,3.6270980834960938,-5.852894306182861,0.8400282859802246,8.059592247009277
fac_058,0.5339138507843018,5.81442928314209,4.994202136993408,-7.849644660949707,0.08377504348754883,9.648927688598633
fac_059,-0.13835588097572327,2.597515821456909,1.9115873575210571,-4.377193450927734,0.018753528594970703,4.760073661804199
fac_060,-2.3671715259552,60.31153106689453,47.3603401184082,-117.99778747558594,-1.2354736328125,89.62750244140625
fac_061,-22.85222625732422,83.4513168334961,69.36332702636719,-169.33538818359375,-12.546615600585938,97.90612030029297
fac_062,-3.8676869869232178,129.36029052734375,107.1854476928711,-225.7640838623047,5.824859619140625,173.15594482421875
fac_063,-1.2005560398101807,97.35814666748047,78.9214859008789,-167.13067626953125,11.932220458984375,147.76174926757812
fac_064,0.9409536719322205,126.31124114990234,99.39244079589844,-134.0453643798828,-40.275482177734375,277.1519470214844
fac_065,-0.32567551732063293,90.28418731689453,70.69828796386719,-148.94464111328125,-13.148468017578125,162.96307373046875
fac_066,0.7047999501228333,12.588056564331055,10.844304084777832,-18.335983276367188,1.2954463958740234,21.5496883392334
fac_067,-0.16270312666893005,8.003630638122559,6.752542495727539,-11.877805709838867,-0.6576070785522461,13.290740013122559
fac_068,0.671333909034729,11.106714248657227,9.16749095916748,-21.11948585510254,2.595470428466797,15.972479820251465
fac_069,0.7085742354393005,4.803442001342773,4.177762031555176,-5.689906120300293,0.19150352478027344,8.37826919555664
fac_070,0.7446882724761963,3.626646041870117,2.9828569889068604,-5.985745429992676,1.3863539695739746,6.400616645812988
fac_071,0.9796265363693237,6.151671886444092,5.221709728240967,-9.670234680175781,1.810734748840332,9.86925220489502
fac_072,9.076102256774902,62.507015228271484,51.2999153137207,-94.97795867919922,7.3010101318359375,109.9857177734375
fac_073,8.210199356079102,83.47976684570312,68.47109985351562,-147.51290893554688,21.010650634765625,123.88079071044922
fac_074,5.509927272796631,87.43266296386719,67.6262435913086,-142.55909729003906,8.590606689453125,138.42080688476562
fac_075,19.293537139892578,100.71415710449219,87.828125,-151.2073516845703,42.066558837890625,146.50650024414062
fac_076,6.640019416809082,69.62262725830078,53.424224853515625,-87.84771728515625,1.43170166015625,123.52947998046875
fac_077,27.47905921936035,131.35447692871094,110.9286117553711,-140.4516143798828,-6.64593505859375,249.32139587402344
fac_078,-1.641539454460144,8.787312507629395,6.9995598793029785,-18.809724807739258,0.15016555786132812,10.703561782836914
fac_079,0.36128243803977966,7.733942031860352,6.505656719207764,-11.082389831542969,0.39121437072753906,12.870899200439453
fac_080,-1.2348005771636963,10.682197570800781,8.987187385559082,-17.359416961669922,-1.537449836730957,17.39081382751465
fac_081,-0.36623406410217285,5.020552635192871,3.987302780151367,-7.893571376800537,-0.6082661151885986,9.17896556854248
fac_082,-0.008775291033089161,3.506453275680542,2.826184034347534,-6.198166370391846,0.4419431686401367,4.99887228012085
fac_083,0.051922980695962906,4.986566066741943,4.43256950378418,-7.126590728759766,0.14808940887451172,7.469485282897949
fac_084,-20.535722732543945,67.28007507324219,57.103145599365234,-118.97598266601562,-27.639358520507812,109.4122543334961
fac_085,-14.634147644042969,113.68251037597656,88.17526245117188,-236.63253784179688,4.9922332763671875,138.84364318847656
fac_086,-15.060799598693848,85.78475952148438,63.884674072265625,-177.68199157714844,-2.447845458984375,108.33546447753906
fac_087,-23.40485191345215,122.25293731689453,98.10320281982422,-251.81178283691406,-9.084381103515625,156.14891052246094
fac_088,-4.5558366775512695,83.74279022216797,68.42163848876953,-122.53585052490234,-19.151519775390625,145.9689178466797
fac_089,-10.91020393371582,86.00869750976562,71.84553527832031,-119.13844299316406,-30.7261962890625,151.09742736816406
fac_090,-2.295200824737549,9.561038970947266,8.185897827148438,-18.875425338745117,-2.3095784187316895,12.56979751586914
fac_091,-1.0008492469787598,5.301262855529785,4.382756233215332,-8.702553749084473,-1.4373083114624023,8.139527320861816
fac_092,-1.8199701309204102,11.674320220947266,10.222816467285156,-18.980981826782227,-3.2672605514526367,18.514549255371094
fac_093,-0.3931572735309601,5.06260347366333,4.446484088897705,-8.388612747192383,-0.2752528190612793,7.1519880294799805
fac_094,0.08219902217388153,2.701977014541626,2.194042444229126,-4.1220808029174805,-0.05018949508666992,4.702944278717041
fac_095,-1.4115691184997559,4.446582317352295,4.032186985015869,-6.613870143890381,-2.7709250450134277,7.391701698303223
fac_096,-6.710251331329346,103.10389709472656,84.31941223144531,-162.76568603515625,-23.381729125976562,190.55665588378906
fac_097,5.52043342590332,94.4129867553711,76.15367126464844,-158.7331085205078,8.884597778320312,153.23666381835938
fac_098,24.642274856567383,77.74266815185547,67.6247329711914,-102.92997741699219,24.986419677734375,148.5677490234375
fac_099,4.457354545593262,122.3791275024414,100.98186492919922,-210.0471954345703,13.53936767578125,181.03627014160156
fac_100,-11.492145538330078,50.040992736816406,41.353904724121094,-84.22804260253906,-18.56512451171875,83.04216003417969
fac_101,23.086530685424805,107.77711486816406,87.22313690185547,-115.31092834472656,-5.808319091796875,227.08203125
fac_102,-2.55588960647583,9.387606620788574,7.885738372802734,-17.030351638793945,-2.77496337890625,13.411090850830078
fac_103,-0.16818876564502716,8.149653434753418,6.495598316192627,-14.74327278137207,0.3179941177368164,12.590869903564453
fac_104,-0.3243013322353363,11.977151870727539,10.353557586669922,-18.48824119567871,-0.3365325927734375,18.82003402709961
fac_105,0.6139834523200989,4.559971809387207,3.6920056343078613,-6.317496299743652,-0.04188132286071777,7.934641361236572
fac_106,-0.6044373512268066,5.040100574493408,4.0563578605651855,-8.40804386138916,-0.644615650177002,8.97711181640625
fac_107,-0.13779260218143463,4.591436386108398,3.872637987136841,-5.598284721374512,-1.5629997253417969,9.050847053527832
fac_108,-11.622990608215332,104.04305267333984,84.78033447265625,-189.1959686279297,-9.502548217773438,159.75453186035156
fac_109,10.353606224060059,78.49628448486328,63.8852424621582,-118.31954956054688,16.9210205078125,135.05865478515625
fac_110,24.501012802124023,162.20941162109375,136.32713317871094,-238.74313354492188,22.35052490234375,274.7417297363281
fac_111,8.803210258483887,64.58467864990234,48.835262298583984,-76.51375579833984,-5.96319580078125,131.876953125
fac_112,0.022289887070655823,96.9052963256836,77.86676025390625,-119.90057373046875,-22.942169189453125,193.56446838378906
fac_113,-20.364356994628906,78.6028823852539,58.834110260009766,-172.8663787841797,-12.528350830078125,103.20148468017578
fac_114,-0.7147849798202515,12.022086143493652,10.559008598327637,-17.582948684692383,-3.167369842529297,19.05888557434082
fac_115,0.4008728265762329,4.942793369293213,3.8793225288391113,-6.707940101623535,-0.16600322723388672,9.139269828796387
fac_116,0.6350343227386475,10.165993690490723,8.395742416381836,-15.252490043640137,-0.23186683654785156,18.09467887878418
fac_117,1.1231569051742554,3.547769069671631,3.1180498600006104,-4.3290300369262695,1.2254786491394043,6.694098472595215
fac_118,0.6265833377838135,6.146499156951904,5.259634494781494,-10.12404727935791,0.8574161529541016,9.514138221740723
fac_119,-0.6466493010520935,5.262894630432129,4.353569030761719,-11.083959579467773,0.19908428192138672,6.011678695678711
fac_120,-2.616800308227539,57.50400924682617,45.689998626708984,-91.87689971923828,-8.397567749023438,92.86396789550781
fac_121,-1.051009178161621,79.61556243896484,61.97476577758789,-141.96778869628906,0.7770843505859375,120.31100463867188
fac_122,10.358158111572266,160.93838500976562,135.49029541015625,-278.0841369628906,30.0489501953125,230.89305114746094
fac_123,21.4249267578125,80.90003967285156,68.85777282714844,-112.73632049560547,22.5023193359375,147.9545440673828
fac_124,3.9096572399139404,100.47612762451172,80.20162200927734,-121.97693634033203,-19.109710693359375,196.88990783691406
fac_125,-5.002775192260742,88.05667114257812,71.17496490478516,-141.36634826660156,-19.4947509765625,137.5907745361328
fac_126,0.8698267936706543,10.97875690460205,9.295480728149414,-16.029565811157227,-0.8413820266723633,18.362701416015625
fac_127,-0.22283492982387543,5.025338649749756,4.050189971923828,-7.348947048187256,-0.8810129165649414,8.7618408203125
fac_128,0.125230610370636,9.810541152954102,8.117487907409668,-18.464553833007812,2.4014954566955566,13.110461235046387
fac_129,0.15544027090072632,4.868481159210205,4.0118184089660645,-6.692307949066162,-0.3669123649597168,9.416340827941895
fac_130,0.1857532113790512,2.8348588943481445,2.2630908489227295,-4.172003269195557,-0.007884502410888672,4.838397026062012
fac_131,-1.6970676183700562,4.859400749206543,4.259114742279053,-9.181449890136719,-1.168591022491455,6.652792453765869
fac_132,3.4968273639678955,77.27198028564453,59.75709915161133,-159.07418823242188,13.581954956054688,105.16136169433594
fac_133,22.0674991607666,70.40937805175781,60.875877380371094,-90.47115325927734,30.627609252929688,129.90501403808594
fac_134,-21.527807235717773,180.80018615722656,149.9000244140625,-320.44146728515625,-14.22662353515625,254.5576934814453
fac_135,1.8670752048492432,111.70896911621094,91.4419174194336,-212.5951385498047,10.93438720703125,163.3231658935547
fac_136,1.2454098463058472,77.2511215209961,62.196537017822266,-106.5787353515625,-3.866424560546875,143.58741760253906
fac_137,6.548200607299805,76.52747344970703,62.0267333984375,-114.92768859863281,3.112060546875,139.56747436523438
fac_138,-0.7810803055763245,7.089038848876953,5.972590446472168,-12.659750938415527,-0.040004730224609375,9.106830596923828
fac_139,-0.47698119282722473,6.814431190490723,5.724254131317139,-11.480301856994629,-0.47083091735839844,10.500386238098145
fac_140,0.13442474603652954,8.3875093460083,7.064338207244873,-15.427043914794922,2.750093460083008,10.633691787719727
fac_141,-0.12600812315940857,4.808856010437012,3.9462010860443115,-6.531078815460205,-0.9311943054199219,9.682160377502441
fac_142,0.4268573820590973,3.5625386238098145,2.7854509353637695,-4.985562324523926,0.09321117401123047,7.164425373077393
fac_143,-0.586887001991272,5.13278865814209,4.397853851318359,-10.376852035522461,-0.7508218288421631,6.137219429016113
fac_144,-10.786325454711914,65.78292846679688,54.527706146240234,-125.2043228149414,-6.47967529296875,86.53447723388672
fac_145,11.307857513427734,108.47313690185547,91.56626892089844,-185.57205200195312,29.157211303710938,164.86502075195312
fac_146,-8.54692554473877,142.86004638671875,117.88650512695312,-256.803955078125,11.624053955078125,185.71836853027344
fac_147,3.6526689529418945,124.67525482177734,103.45246124267578,-229.38377380371094,21.3577880859375,176.59884643554688
fac_148,-9.8193359375,75.64690399169922,62.24558639526367,-119.79216766357422,-16.598785400390625,106.62210845947266
fac_149,-8.100401878356934,81.60568237304688,66.63252258300781,-144.15463256835938,-13.273773193359375,128.68211364746094
fac_150,-1.4113786220550537,7.629376411437988,6.542834281921387,-13.645124435424805,-0.3423318862915039,8.95283317565918
fac_151,-1.842605471611023,7.980129241943359,6.679186820983887,-15.418991088867188,-1.3904695510864258,10.811745643615723
fac_152,0.22736993432044983,9.382223129272461,7.895758628845215,-16.917984008789062,2.9421958923339844,12.517372131347656
fac_153,0.4847135841846466,4.844074249267578,3.893338680267334,-6.762231349945068,-0.47154903411865234,8.73890209197998
fac_154,0.045723285526037216,3.662605047225952,3.000643253326416,-5.374599456787109,-0.524505615234375,6.494795322418213
fac_155,0.16574832797050476,3.6066582202911377,2.708327054977417,-5.821119785308838,0.01205301284790039,6.525339603424072
fac_156,-1.8054052591323853,71.91888427734375,56.6474723815918,-130.816162109375,2.014617919921875,108.6131362915039
fac_157,-24.891611099243164,85.66410827636719,68.42501831054688,-193.60888671875,-18.744125366210938,97.80106353759766
fac_158,22.465944290161133,80.9140853881836,69.22225952148438,-125.62904357910156,26.76971435546875,142.32127380371094
fac_159,22.991350173950195,98.51312255859375,87.18802642822266,-153.97203063964844,46.125457763671875,151.81480407714844
fac_160,-19.569406509399414,69.51592254638672,58.66249084472656,-118.51602172851562,-26.1859130859375,102.3533935546875
fac_161,-2.031939744949341,116.33301544189453,94.46626281738281,-142.22647094726562,-30.311614990234375,223.1730499267578
fac_162,-1.3049862384796143,8.732734680175781,6.944814682006836,-18.32480812072754,-0.4648714065551758,11.789180755615234
fac_163,0.588784396648407,6.384171485900879,5.365039825439453,-9.997915267944336,0.2022571563720703,10.17223834991455
fac_164,0.3594812750816345,12.0208740234375,10.096613883972168,-21.76421546936035,2.4290199279785156,16.413679122924805
fac_165,-0.27898937463760376,5.205287933349609,4.090478420257568,-8.819664001464844,-0.5808100700378418,9.51775074005127
fac_166,0.41085076332092285,5.05403995513916,4.319662094116211,-7.162664890289307,-0.8612804412841797,8.97209358215332
fac_167,-0.22153235971927643,2.647368907928467,2.06311297416687,-4.62946081161499,-0.09288549423217773,4.472226142883301
fac_168,7.878236293792725,73.80740356445312,56.66029357910156,-125.28766632080078,9.597030639648438,127.89881896972656
fac_169,-16.947826385498047,87.47119140625,71.03755187988281,-167.671142578125,-9.894561767578125,113.58657836914062
fac_170,15.620972633361816,103.90626525878906,84.11986541748047,-165.87551879882812,17.685760498046875,167.3780975341797
fac_171,7.650813579559326,68.05241394042969,55.315216064453125,-99.44395446777344,3.00115966796875,119.24227905273438
fac_172,-7.754967212677002,107.89683532714844,87.08383178710938,-129.24478149414062,-38.724945068359375,229.1233367919922
fac_173,6.639708042144775,83.41436004638672,66.21470642089844,-108.12158966064453,-12.669281005859375,159.74220275878906
fac_174,0.25728216767311096,9.196358680725098,7.392604827880859,-16.388612747192383,-0.0433955192565918,14.746452331542969
fac_175,1.8301278352737427,7.381425857543945,6.1252760887146,-10.317828178405762,1.237605094909668,14.629780769348145
fac_176,-2.4715094566345215,10.951953887939453,8.660809516906738,-23.150081634521484,-0.19586801528930664,11.722772598266602
fac_177,-0.6470901370048523,3.156303644180298,2.5989291667938232,-5.998768329620361,-0.5441889762878418,4.454872131347656
fac_178,-0.4497113823890686,5.4659600257873535,4.374640464782715,-10.58742904663086,0.03921175003051758,7.657340049743652
fac_179,0.11652148514986038,5.850985050201416,4.856558799743652,-11.323126792907715,1.1189708709716797,8.35085678100586
fac_180,19.957345962524414,113.48628997802734,92.74260711669922,-143.72323608398438,5.575836181640625,226.7205352783203
fac_181,6.274062633514404,93.92456817626953,73.52703094482422,-153.4478302001953,6.331787109375,162.83250427246094
fac_182,3.938971519470215,137.29318237304688,113.32041931152344,-220.86236572265625,-5.512725830078125,221.97618103027344
fac_183,-8.94205379486084,98.67061614990234,79.09446716308594,-158.84237670898438,-22.319793701171875,181.98875427246094
fac_184,-29.318838119506836,140.14163208007812,118.94328308105469,-205.65615844726562,-64.968017578125,261.2891540527344
fac_185,18.65094757080078,90.03111267089844,70.20055389404297,-178.7867889404297,31.092132568359375,144.72410583496094
fac_186,1.2626750469207764,12.299260139465332,10.314909934997559,-16.867733001708984,-0.5276250839233398,21.78404426574707
fac_187,-1.2425618171691895,8.722461700439453,6.9132561683654785,-17.844985961914062,-0.45531368255615234,12.221325874328613
fac_188,-0.7246775031089783,10.388384819030762,8.46687126159668,-18.938800811767578,-0.8741483688354492,16.113737106323242
fac_189,-0.8479952812194824,4.0718994140625,3.464512586593628,-7.624320983886719,-1.05202317237854,5.6499433517456055
fac_190,-0.8588466048240662,5.444490432739258,4.6614155769348145,-9.5613431930542,-1.323258876800537,7.742203712463379
fac_191,-0.08971752971410751,5.895366668701172,4.795536041259766,-10.32755184173584,0.5096063613891602,8.79658031463623
fac_192,-0.19671478867530823,102.02430725097656,79.95069885253906,-169.0181427001953,-1.5036773681640625,171.9351348876953
fac_193,-22.025564193725586,119.42716979980469,92.88504791259766,-234.0543975830078,-10.087554931640625,172.39019775390625
fac_194,-9.593456268310547,104.53633117675781,86.10717010498047,-183.3300323486328,-11.198333740234375,157.73992919921875
fac_195,23.9953556060791,117.03841400146484,99.46246337890625,-183.52529907226562,39.325714111328125,195.35963439941406
fac_196,4.382173538208008,47.69989776611328,36.77678298950195,-87.28727722167969,8.345947265625,77.5145263671875
fac_197,-4.393267631530762,131.97120666503906,114.59820556640625,-166.42051696777344,-46.27484130859375,222.6546630859375
fac_198,-1.223476767539978,12.029486656188965,10.367262840270996,-19.256319046020508,-1.871415138244629,17.498098373413086
fac_199,0.9204554557800293,9.512310981750488,7.866518020629883,-16.421781539916992,1.9039945602416992,16.014829635620117
fac_200,-3.089329719543457,10.923588752746582,9.758646965026855,-19.67560577392578,-4.0313825607299805,14.874671936035156
fac_201,-1.1181728839874268,5.4241228103637695,4.345130443572998,-10.13869857788086,-0.8720264434814453,7.77162504196167
fac_202,0.2810620963573456,4.713492393493652,3.7940969467163086,-6.635326385498047,-0.23157596588134766,9.454184532165527
fac_203,0.4992341101169586,3.433058977127075,2.8064846992492676,-4.6646928787231445,0.1867523193359375,6.3942365646362305
fac_204,13.620492935180664,63.08235168457031,52.255714416503906,-86.68930053710938,13.018341064453125,114.41300964355469
fac_205,-18.481834411621094,74.99307250976562,59.338417053222656,-152.60775756835938,-4.504364013671875,80.32755279541016
fac_206,10.915112495422363,151.255859375,124.35478210449219,-231.96820068359375,13.40142822265625,239.69410705566406
fac_207,32.87544631958008,119.33351135253906,103.39399719238281,-196.58685302734375,48.02685546875,198.7728729248047
fac_208,4.078450679779053,54.48647689819336,41.43825149536133,-88.950439453125,6.7362060546875,93.5801773071289
fac_209,-7.684074878692627,80.54711151123047,63.08086395263672,-144.76678466796875,3.306610107421875,114.15641784667969
fac_210,0.4692579507827759,5.349172115325928,4.362018585205078,-8.466705322265625,0.8214845657348633,8.856578826904297
fac_211,1.1702170372009277,8.317374229431152,6.685245513916016,-11.606242179870605,-0.17395401000976562,15.649499893188477
fac_212,-0.19889938831329346,6.271144866943359,5.038504123687744,-11.027362823486328,-0.6073541641235352,9.45232105255127
fac_213,-0.4397657811641693,2.6366381645202637,2.166687250137329,-4.7306976318359375,-0.1777639389038086,3.456909418106079
fac_214,0.33662691712379456,2.041442394256592,1.674822211265564,-2.7499823570251465,0.20815706253051758,3.6505041122436523
fac_215,-0.8786317706108093,4.924720764160156,3.946134090423584,-6.770724296569824,-1.8546013832092285,11.430390357971191
kar_000,1.2869443893432617,8.224102973937988,7.122854232788086,-13.400914192199707,2.404752254486084,12.340717315673828
kar_001,0.5106997489929199,5.466682434082031,4.428410530090332,-7.868828296661377,0.5559005737304688,9.920154571533203
kar_002,-1.4234704971313477,5.377807140350342,4.680829048156738,-8.867156982421875,-2.465738296508789,8.543533325195312
kar_003,0.09891143441200256,5.806636810302734,4.907375335693359,-10.305438041687012,1.3009713888168335,8.571826934814453
kar_004,-0.2811223268508911,3.763840913772583,3.1050360202789307,-6.520582675933838,-0.0684124231338501,5.964906215667725
kar_005,0.12394765764474869,3.531132698059082,2.8517541885375977,-5.792491912841797,0.2765858769416809,5.487261772155762
kar_006,-0.24801675975322723,4.076613903045654,3.2615396976470947,-6.456015110015869,-0.5959676504135132,6.631675720214844
kar_007,-0.1957421898841858,3.4302008152008057,2.8138463497161865,-5.642035484313965,-0.34299033880233765,5.790709495544434
kar_008,0.8214042782783508,3.992553949356079,3.2865195274353027,-5.936399936676025,0.9624506831169128,6.763910293579102
kar_009,0.2907778322696686,3.818037986755371,3.1191723346710205,-5.923721790313721,0.16807526350021362,6.330482482910156
kar_010,0.07310247421264648,3.441680908203125,2.767998456954956,-5.703815937042236,0.12193840742111206,5.711922645568848
kar_011,0.43514129519462585,3.1488866806030273,2.6286115646362305,-4.449373245239258,0.24800634384155273,5.709090232849121
kar_012,-0.05887426435947418,2.444040536880493,1.8772072792053223,-3.771097183227539,-0.14515894651412964,4.440122604370117
kar_013,-0.15541957318782806,2.960641384124756,2.3141074180603027,-5.205194473266602,-0.07808247208595276,4.708258628845215
kar_014,-0.6988981366157532,2.67547345161438,2.164055585861206,-4.864895820617676,-0.5706617832183838,3.212015151977539
kar_015,0.16371749341487885,2.793346405029297,2.232048749923706,-4.453193187713623,0.14528557658195496,4.7944817543029785
kar_016,0.29565995931625366,2.5222792625427246,1.9912772178649902,-3.6949334144592285,0.1402287483215332,4.631333351135254
kar_017,-0.3203909397125244,2.1418039798736572,1.7203495502471924,-3.8062829971313477,-0.20646943151950836,3.1872944831848145
kar_018,0.19837605953216553,2.481166362762451,2.0239038467407227,-3.4439756870269775,0.06659537553787231,4.391617774963379
kar_019,-0.013697700574994087,2.250490665435791,1.838523507118225,-4.163675308227539,0.10116203129291534,3.3933486938476562
kar_020,-0.5782283544540405,2.8937225341796875,2.416964054107666,-5.156928062438965,-0.821586012840271,4.458078384399414
kar_021,0.5398968458175659,2.1626760959625244,1.7439260482788086,-2.858161449432373,0.3901731073856354,4.3162312507629395
kar_022,0.6379913091659546,2.39034104347229,1.8914226293563843,-2.912959575653076,0.39038699865341187,4.498034477233887
kar_023,-0.17705391347408295,1.921450138092041,1.5587966442108154,-3.4628396034240723,-0.14969883859157562,2.8417506217956543
kar_024,0.05519638955593109,2.2121458053588867,1.7773034572601318,-3.2132349014282227,-0.1475488394498825,4.090409755706787
kar_025,0.06331386417150497,2.205198287963867,1.7993953227996826,-3.2100915908813477,-0.11629366874694824,4.27565336227417
kar_026,-0.3031412363052368,1.7936269044876099,1.453696846961975,-3.069713830947876,-0.31410297751426697,2.3413503170013428
kar_027,0.14161993563175201,2.2062206268310547,1.7814124822616577,-3.3167500495910645,0.024303510785102844,3.9334633350372314
kar_028,-0.11595821380615234,1.502043604850769,1.2045432329177856,-2.6478188037872314,-0.18824714422225952,2.473005771636963
kar_029,0.11528673022985458,1.8103941679000854,1.3903400897979736,-2.629133939743042,-0.048506394028663635,3.2785959243774414
kar_030,0.17265067994594574,1.7892696857452393,1.460270643234253,-2.9712002277374268,0.3097595274448395,3.0235543251037598
kar_031,0.07283278554677963,1.6081651449203491,1.2441699504852295,-2.694340705871582,0.18099328875541687,2.642482280731201
kar_032,0.2493722140789032,1.5989822149276733,1.2789496183395386,-2.255521774291992,0.28476691246032715,2.87052059173584
kar_033,-0.304275780916214,1.6022088527679443,1.2764592170715332,-2.794205904006958,-0.2802719473838806,2.4703731536865234
kar_034,-0.07623395323753357,1.593685269355774,1.291825532913208,-2.63020396232605,-0.13704892992973328,2.5672686100006104
kar_035,-0.20995481312274933,1.8910895586013794,1.4937775135040283,-3.5764997005462646,0.010946691036224365,2.5903847217559814
kar_036,-0.25477057695388794,1.4124298095703125,1.1640797853469849,-2.473020315170288,-0.27864083647727966,2.102550745010376
kar_037,0.0204366035759449,1.5871469974517822,1.2700355052947998,-2.6518988609313965,-0.01393766701221466,2.681053638458252
kar_038,-0.11526922136545181,1.522788643836975,1.220923662185669,-2.580869674682617,-0.16328072547912598,2.489677906036377
kar_039,0.004620189778506756,1.4125044345855713,1.1397264003753662,-2.481415271759033,-0.03661645948886871,2.2918338775634766
kar_040,0.3024909198284149,1.2327474355697632,1.0338002443313599,-1.6700316667556763,0.3543054461479187,2.3091704845428467
kar_041,-0.05904766172170639,1.525146722793579,1.2235974073410034,-2.5201892852783203,-0.1858397126197815,2.607487916946411
kar_042,0.14053796231746674,1.724345326423645,1.3819482326507568,-2.5917727947235107,0.11113522201776505,3.0878589153289795
kar_043,-0.5444992780685425,1.4804589748382568,1.226688265800476,-3.0505828857421875,-0.4875672459602356,1.7457256317138672
kar_044,-0.13357013463974,1.2107961177825928,0.9522883892059326,-2.041250228881836,-0.11418135464191437,1.7239725589752197
kar_045,-0.14494192600250244,1.0443871021270752,0.8551164269447327,-1.7900042533874512,-0.1938861459493637,1.5923547744750977
kar_046,0.10419787466526031,1.3016711473464966,1.0424602031707764,-2.122884750366211,0.1399412304162979,2.162522315979004
kar_047,0.16255557537078857,1.1730334758758545,0.9306193590164185,-1.63369619846344,0.10557389259338379,2.3565685749053955
kar_048,0.4580329954624176,1.2799354791641235,1.08760666847229,-1.6407630443572998,0.4908125400543213,2.4902400970458984
kar_049,-0.017505928874015808,1.1190723180770874,0.9168665409088135,-1.83360755443573,0.05512497201561928,1.7165343761444092
kar_050,0.08267886191606522,1.073096513748169,0.8387054204940796,-1.7327696084976196,0.08096943795681,1.8022834062576294
kar_051,0.0828784629702568,1.280465006828308,1.029504656791687,-1.9367755651474,0.13330009579658508,2.20893931388855
kar_052,0.10167531669139862,1.1472992897033691,0.924550473690033,-1.7951551675796509,0.0836658626794815,2.019838809967041
kar_053,0.005513238720595837,1.1350921392440796,0.9004833698272705,-1.7881518602371216,-0.04334171116352081,1.8405531644821167
kar_054,-0.08716359734535217,1.0900239944458008,0.8751991987228394,-1.875567078590393,-0.09504767507314682,1.7256399393081665
kar_055,0.008816774003207684,1.1179903745651245,0.9195265173912048,-1.8379456996917725,0.0787169337272644,1.7416285276412964
kar_056,-0.24271583557128906,0.972762405872345,0.7837985157966614,-1.86838698387146,-0.18579021096229553,1.352138876914978
kar_057,-0.156293123960495,1.064592957496643,0.8614962100982666,-1.7896103858947754,-0.2554599940776825,1.675992488861084
kar_058,0.07694408297538757,0.9048773050308228,0.7315620183944702,-1.3662573099136353,0.10269713401794434,1.5772019624710083
kar_059,0.17149235308170319,1.0531489849090576,0.8602031469345093,-1.6477174758911133,0.2222256362438202,1.941797137260437
kar_060,-0.02070734091103077,0.9298880696296692,0.7464843988418579,-1.4787654876708984,-0.012215119786560535,1.5800278186798096
kar_061,0.034569770097732544,0.9684956073760986,0.7783955931663513,-1.5198014974594116,0.053476445376873016,1.4879777431488037
kar_062,0.05628257244825363,0.9111780524253845,0.7306169271469116,-1.4579612016677856,0.03686416149139404,1.4931762218475342
kar_063,-0.121297188103199,1.0209821462631226,0.8314439654350281,-1.879968285560608,-0.11938730627298355,1.4767217636108398
pix_000,0.044680479913949966,1.018001914024353,0.5555339455604553,-1.875123381614685,0.022933870553970337,1.5791698694229126
pix_001,-0.008428966626524925,1.3205609321594238,0.8677511811256409,-2.6090245246887207,0.07135778665542603,1.9382240772247314
pix_002,-0.06803232431411743,1.4805583953857422,1.1055008172988892,-2.784316301345825,0.039736807346343994,2.134369134902954
pix_003,-0.04669441282749176,1.538919448852539,1.1750974655151367,-2.544555902481079,-0.026946425437927246,2.6638245582580566
pix_004,0.12466632574796677,1.5447332859039307,1.1860253810882568,-1.9828096628189087,-0.12185871601104736,3.271172046661377
pix_005,0.12131161987781525,1.4556101560592651,1.137241005897522,-1.843813180923462,-0.06632709503173828,2.8776276111602783
pix_006,0.03507114574313164,1.342402696609497,1.0774418115615845,-1.8186010122299194,-0.26590514183044434,2.3890278339385986
pix_007,-0.10166916251182556,1.3245065212249756,1.0937302112579346,-1.7691709995269775,-0.4469025135040283,2.3059654235839844
pix_008,-0.14544345438480377,1.3641066551208496,1.1283074617385864,-1.809592604637146,-0.47716283798217773,2.312617540359497
pix_009,-0.12139852344989777,1.4597259759902954,1.1779781579971313,-2.080979108810425,-0.43842196464538574,2.551185131072998
pix_010,-0.05395490303635597,1.5878790616989136,1.2605663537979126,-2.3519434928894043,-0.18293380737304688,2.9858169555664062
pix_011,-0.0814615935087204,1.6389111280441284,1.270433783531189,-2.8286499977111816,-0.014034092426300049,2.76582670211792
pix_012,-0.055725011974573135,1.5515646934509277,1.1723309755325317,-2.8974416255950928,0.05305016040802002,2.4837186336517334
pix_013,-0.06733142584562302,1.344411015510559,0.9171951413154602,-3.042720317840576,0.05072653293609619,1.7976903915405273
pix_014,-0.06361011415719986,0.9740894436836243,0.5368611812591553,-2.06274151802063,-0.00140380859375,1.3154916763305664
pix_015,0.025417737662792206,1.3051576614379883,0.8667721748352051,-2.7071714401245117,0.08670401573181152,1.8000861406326294
pix_016,-0.13854581117630005,1.6126776933670044,1.1912007331848145,-3.013240337371826,-0.04458153247833252,2.6753275394439697
pix_017,0.013410716317594051,1.4926025867462158,1.0810596942901611,-2.289356231689453,-0.11937379837036133,3.158829927444458
pix_018,0.16162338852882385,1.196310043334961,0.7163832187652588,-1.380279541015625,-0.009021759033203125,2.8845927715301514
pix_019,0.06295586377382278,1.0842225551605225,0.6203640103340149,-1.5525282621383667,0.02542877197265625,2.104407787322998
pix_020,0.05355039983987808,1.0247607231140137,0.5749144554138184,-1.3352100849151611,-0.010756731033325195,1.935632348060608
pix_021,0.04330585524439812,1.0361268520355225,0.6106680035591125,-1.326987862586975,-0.05804872512817383,2.007883071899414
pix_022,0.12311864644289017,0.9703254103660583,0.5600501298904419,-0.913981020450592,-0.04390740394592285,2.041799545288086
pix_023,0.13483600318431854,1.0451961755752563,0.5778905749320984,-1.067815899848938,-0.03173089027404785,2.1787474155426025
pix_024,0.16941344738006592,1.0578608512878418,0.556333601474762,-0.9597358703613281,0.007710456848144531,2.5930211544036865
pix_025,0.14268344640731812,1.0982465744018555,0.6229683756828308,-1.3731669187545776,0.017110228538513184,2.657888174057007
pix_026,0.09543624520301819,1.2679816484451294,0.824634850025177,-1.8564085960388184,-0.05186104774475098,2.7297399044036865
pix_027,0.060297250747680664,1.4243345260620117,1.027104139328003,-2.2363626956939697,-0.07963967323303223,2.586711883544922
pix_028,0.11399096250534058,1.576193928718567,1.1622294187545776,-2.6576569080352783,0.06737852096557617,2.8626010417938232
pix_029,-0.03726770728826523,1.310731053352356,0.830104649066925,-2.8863837718963623,0.06376326084136963,1.8869774341583252
pix_030,-0.12836648523807526,1.4493634700775146,1.0114282369613647,-3.283121347427368,0.09197628498077393,1.8370065689086914
pix_031,-0.08722809702157974,1.589639663696289,1.1589021682739258,-2.9661524295806885,-0.10695219039916992,2.605072259902954
pix_032,-0.04975627735257149,1.2959755659103394,0.8561910390853882,-2.33075213432312,-0.08864545822143555,2.476896286010742
pix_033,0.0097522446885705,1.188313364982605,0.7224746942520142,-2.153455972671509,0.008252143859863281,2.279872179031372
pix_034,0.024801312014460564,1.570979356765747,1.0903983116149902,-2.579113483428955,-0.11266255378723145,2.944953203201294
pix_035,0.21530984342098236,1.734941005706787,1.3914257287979126,-2.1640310287475586,-0.21102142333984375,3.4524307250976562
pix_036,0.24228157103061676,1.7559717893600464,1.4361687898635864,-2.3275842666625977,0.07343459129333496,3.3174526691436768
pix_037,0.18253692984580994,1.5934865474700928,1.2474397420883179,-2.3705475330352783,0.17135381698608398,3.0469534397125244
pix_038,0.1466708928346634,1.5204514265060425,1.1553398370742798,-2.31562876701355,0.025313615798950195,3.0391757488250732
pix_039,0.2391812652349472,1.4121853113174438,0.9900369048118591,-1.6510009765625,-0.05280113220214844,3.3704447746276855
pix_040,0.20864291489124298,1.24445378780365,0.743496835231781,-1.378455638885498,-0.017818689346313477,2.8865177631378174
pix_041,0.02130945213139057,1.0204741954803467,0.640228807926178,-1.4627104997634888,0.020406723022460938,1.7504531145095825
pix_042,0.049256712198257446,1.1694214344024658,0.784343421459198,-1.825945258140564,0.011085748672485352,2.296379804611206
pix_043,0.06858880072832108,1.360565423965454,0.9472583532333374,-2.399604320526123,0.0036275386810302734,2.281656265258789
pix_044,-0.02481425739824772,1.3153724670410156,0.8407194018363953,-2.8551855087280273,0.06902205944061279,2.0812950134277344
pix_045,-0.13063077628612518,1.383170247077942,0.9305964708328247,-2.750825881958008,0.021790146827697754,1.8060463666915894
pix_046,-0.08747510612010956,1.3010119199752808,0.8885605335235596,-2.2390928268432617,-0.10216641426086426,2.3708720207214355
pix_047,-0.1534968912601471,1.0752449035644531,0.6783053874969482,-2.3519773483276367,-0.06456565856933594,1.622092366218567
pix_048,-0.03941817954182625,1.1889946460723877,0.7467328906059265,-1.8552334308624268,-0.024677276611328125,1.9338191747665405
pix_049,0.09591633081436157,1.7395671606063843,1.2974258661270142,-2.6770389080047607,-0.06789422035217285,3.539483070373535
pix_050,0.21423478424549103,1.6616976261138916,1.364477515220642,-2.776003360748291,0.34280967712402344,2.6082568168640137
pix_051,-0.02698098123073578,1.4329901933670044,1.0070780515670776,-2.9140326976776123,0.15792983770370483,1.9889500141143799
pix_052,0.04960145801305771,1.1741061210632324,0.8131877183914185,-2.0453946590423584,0.11483657360076904,1.7476650476455688
pix_053,0.0882214605808258,1.3162091970443726,0.9219491481781006,-2.4608263969421387,0.1790311336517334,2.1187360286712646
pix_054,0.1617959588766098,1.4864027500152588,1.0948779582977295,-2.0959553718566895,0.10929667949676514,2.666248321533203
pix_055,0.14472974836826324,1.3359994888305664,0.867011547088623,-1.6403886079788208,0.015509366989135742,3.0759119987487793
pix_056,0.07995615154504776,1.0709946155548096,0.6424659490585327,-1.7034869194030762,0.009093999862670898,2.0350165367126465
pix_057,0.052417732775211334,1.0827372074127197,0.6629501581192017,-1.5350831747055054,0.027679920196533203,2.023898124694824
pix_058,0.06620827317237854,1.2419029474258423,0.8447812795639038,-1.6974447965621948,-0.06916356086730957,2.338085651397705
pix_059,-0.12432918697595596,1.260257601737976,0.8213427066802979,-2.799424886703491,-0.010248243808746338,1.849709153175354
pix_060,-0.012621437199413776,1.2833070755004883,0.8827710151672363,-2.368405342102051,0.03185516595840454,2.0095558166503906
pix_061,0.029844870790839195,1.2461838722229004,0.8665695190429688,-1.8444870710372925,-0.10236573219299316,2.5398879051208496
pix_062,-0.07311878353357315,1.0957833528518677,0.6742591857910156,-1.819664716720581,-0.05614590644836426,1.7491073608398438
pix_063,-0.08696465194225311,1.2694461345672607,0.8431093096733093,-2.345200538635254,-0.05514669418334961,2.145991325378418
pix_064,0.1384567767381668,1.8101167678833008,1.392079472541809,-2.5287463665008545,-0.03903776407241821,3.5404863357543945
pix_065,0.1669885218143463,1.5714037418365479,1.197948932647705,-2.596388339996338,0.1904233694076538,2.6326956748962402
pix_066,-0.1008160337805748,1.4473934173583984,0.9332034587860107,-2.6713647842407227,0.05278646945953369,2.384385347366333
pix_067,-0.04914434999227524,1.18871009349823,0.7373292446136475,-2.359623432159424,0.038719892501831055,1.672600269317627
pix_068,0.0720437541604042,1.3329899311065674,0.9120224118232727,-2.53456974029541,0.16796541213989258,2.0852301120758057
pix_069,0.1344810575246811,1.398094654083252,0.9905422925949097,-2.2031033039093018,0.098763108253479,2.5296590328216553
pix_070,0.14432469010353088,1.4180445671081543,0.9518516659736633,-1.689609408378601,-0.08599281311035156,3.3507542610168457
pix_071,0.03665803372859955,1.161712884902954,0.7236645221710205,-1.913237452507019,0.017937302589416504,1.985830545425415
pix_072,0.12244552373886108,1.223830223083496,0.7682324051856995,-1.8171628713607788,0.04697227478027344,2.4592106342315674
pix_073,0.033697985112667084,1.3586444854736328,0.9061987996101379,-1.9584252834320068,-0.03621625900268555,2.513319730758667
pix_074,-0.16302141547203064,1.191560983657837,0.7410060167312622,-2.7597265243530273,0.02029728889465332,1.4447983503341675
pix_075,-0.1153072938323021,1.316759467124939,0.8740114569664001,-2.7929935455322266,0.018365442752838135,1.6850006580352783
pix_076,0.04509038105607033,1.4188532829284668,1.001389741897583,-2.192082643508911,-0.06723678112030029,2.7073733806610107
pix_077,-0.06341821700334549,1.340956687927246,0.8802616000175476,-2.2607784271240234,-0.013584375381469727,2.470590114593506
pix_078,-0.09231981635093689,1.4071470499038696,0.9657086730003357,-2.5968997478485107,-0.05279278755187988,2.4968085289001465
pix_079,0.09751418232917786,1.6755849123001099,1.1964571475982666,-2.524949073791504,-0.06709623336791992,3.136951446533203
pix_080,0.07787030935287476,1.5582822561264038,1.1019461154937744,-2.5041897296905518,0.03666210174560547,2.8959121704101562
pix_081,-0.04346331208944321,1.3938343524932861,0.9278988838195801,-2.672734260559082,0.04104912281036377,2.169818878173828
pix_082,-0.025045964866876602,1.320687174797058,0.8836257457733154,-2.4229202270507812,0.03968822956085205,1.9952515363693237
pix_083,0.015615255571901798,1.4359190464019775,0.9718232750892639,-2.7931759357452393,0.12429368495941162,1.9683502912521362
pix_084,0.08753195405006409,1.4029107093811035,0.962425708770752,-2.2937493324279785,0.012879371643066406,2.4504265785217285
pix_085,0.06203489378094673,1.4441378116607666,0.9106405377388,-1.7256449460983276,-0.08211326599121094,3.268714666366577
pix_086,-0.036624010652303696,1.1127508878707886,0.6601403951644897,-1.7525479793548584,-0.048639774322509766,1.9331157207489014
pix_087,-0.04198012873530388,1.2769514322280884,0.8296334743499756,-2.431440830230713,-0.006440877914428711,2.261434555053711
pix_088,-0.02008082903921604,1.381628155708313,0.9792301654815674,-2.400358200073242,0.013015925884246826,2.363708734512329
pix_089,-0.13256004452705383,1.2678265571594238,0.7893118262290955,-3.1327412128448486,0.0210360586643219,1.3950071334838867
pix_090,-0.1275612860918045,1.2874305248260498,0.8246601819992065,-3.0812807083129883,0.04626113176345825,1.4799981117248535
pix_091,0.03598405793309212,1.5268409252166748,1.1175042390823364,-2.568895101547241,0.04645049571990967,2.5158796310424805
pix_092,0.005222420673817396,1.446346640586853,0.973254382610321,-2.855952501296997,0.010001182556152344,2.596248149871826
pix_093,-0.07610910385847092,1.3933204412460327,0.9086382389068604,-2.797166585922241,-0.03316998481750488,2.2724523544311523
pix_094,0.09824404120445251,1.5603874921798706,1.0389509201049805,-2.4567525386810303,-0.03067922592163086,3.262176752090454
pix_095,0.09070291370153427,1.5624326467514038,1.065213680267334,-2.1023128032684326,-0.007304072380065918,3.3004252910614014
pix_096,0.05601036921143532,1.5691509246826172,1.1188609600067139,-2.317291736602783,-0.06565380096435547,2.9795539379119873
pix_097,0.054864753037691116,1.5207301378250122,1.1504755020141602,-2.4674127101898193,-0.01564943790435791,2.742629289627075
pix_098,0.017009491100907326,1.5808697938919067,1.1346930265426636,-2.510580062866211,-0.009826421737670898,2.99812912940979
pix_099,0.08514280617237091,1.4318097829818726,0.9606828093528748,-2.191013813018799,-0.015715360641479492,2.8481080532073975
pix_100,0.07030048966407776,1.301257848739624,0.7898073792457581,-2.066570281982422,0.03273200988769531,2.7183587551116943
pix_101,-0.025697579607367516,1.0848757028579712,0.6255592107772827,-1.7296702861785889,0.012351751327514648,1.859606146812439
pix_102,-0.004683580249547958,1.2408491373062134,0.8128920793533325,-1.6434128284454346,-0.04320669174194336,2.271339178085327
pix_103,-0.020968090742826462,1.5315520763397217,1.1368043422698975,-2.7621877193450928,-0.005477428436279297,2.6487674713134766
pix_104,-0.12015175074338913,1.178000569343567,0.7304581999778748,-2.7147819995880127,0.008660733699798584,1.5309944152832031
pix_105,-0.043048471212387085,1.1886677742004395,0.739413857460022,-2.740225076675415,0.01959887146949768,1.6159932613372803
pix_106,0.04799903929233551,1.4071331024169922,1.0011664628982544,-2.404357671737671,0.01518547534942627,2.4976518154144287
pix_107,0.15811598300933838,1.3845818042755127,0.9462825059890747,-2.134791851043701,0.08556914329528809,2.716914415359497
pix_108,0.17785152792930603,1.411901831626892,0.9417001605033875,-2.075660467147827,0.011940360069274902,2.918163537979126
pix_109,0.10433153808116913,1.537754774093628,1.0641833543777466,-2.0201797485351562,-0.021016597747802734,3.292799472808838
pix_110,0.028897253796458244,1.5708025693893433,1.154874324798584,-2.5001137256622314,-0.05113387107849121,2.9851300716400146
pix_111,0.022242479026317596,1.6175693273544312,1.2162331342697144,-2.369739532470703,-0.08304190635681152,3.0201146602630615
pix_112,0.0659727156162262,1.5794272422790527,1.206032633781433,-2.2937045097351074,-0.060378193855285645,3.134840250015259
pix_113,0.019155511632561684,1.4423203468322754,1.0618900060653687,-2.459932327270508,-0.020976543426513672,2.7353036403656006
pix_114,0.11953269690275192,1.4048277139663696,0.9938353896141052,-1.8426368236541748,-0.035117149353027344,2.9167463779449463
pix_115,0.2768205404281616,1.4094486236572266,0.905876636505127,-1.7030797004699707,0.024916410446166992,3.164687156677246
pix_116,0.08541537076234818,1.1957255601882935,0.7212391495704651,-1.820596694946289,0.02649974822998047,2.5255701541900635
pix_117,-0.0029996621888130903,1.2913954257965088,0.8484635949134827,-2.2257070541381836,0.005959272384643555,2.254526376724243
pix_118,-0.03578263521194458,1.5085960626602173,1.0900636911392212,-2.57647442817688,-0.05514872074127197,2.689088821411133
pix_119,-0.09397857636213303,1.2611557245254517,0.8043691515922546,-2.780954599380493,0.04028680920600891,1.6264382600784302
pix_120,-0.11323431134223938,1.1992988586425781,0.7198179364204407,-2.66377592086792,-0.007979989051818848,1.4666343927383423
pix_121,0.06147633492946625,1.2933863401412964,0.8583555817604065,-2.106402635574341,0.008726716041564941,2.2299182415008545
pix_122,0.1001719981431961,1.2252440452575684,0.7703292965888977,-2.0633225440979004,0.12856721878051758,2.301481246948242
pix_123,0.0646379142999649,1.3242822885513306,0.858044445514679,-2.3879928588867188,0.09391582012176514,2.261530637741089
pix_124,0.06853856146335602,1.618435263633728,1.201725959777832,-2.5420801639556885,-0.05555415153503418,2.954716444015503
pix_125,0.04109600931406021,1.6587777137756348,1.3044580221176147,-2.771855354309082,0.04514920711517334,2.6210765838623047
pix_126,0.01394322607666254,1.6621055603027344,1.2314726114273071,-2.7283060550689697,-0.03232097625732422,2.8242990970611572
pix_127,0.021866949275135994,1.3570398092269897,0.9493969678878784,-1.980783462524414,0.009279966354370117,2.4442996978759766
pix_128,0.13924424350261688,1.3237334489822388,0.9281561374664307,-1.8035420179367065,0.09230339527130127,2.585324287414551
pix_129,0.17344415187835693,1.4090824127197266,1.0346200466156006,-1.791329026222229,0.05853688716888428,2.598628044128418
pix_130,0.26393893361091614,1.4275953769683838,0.9602960348129272,-1.5445168018341064,-0.016315698623657227,3.4689667224884033
pix_131,0.13327713310718536,1.0773816108703613,0.6180015802383423,-1.4245541095733643,0.04513812065124512,1.9827278852462769
pix_132,0.09891785681247711,1.1989301443099976,0.724077582359314,-1.4776811599731445,0.02923750877380371,2.384310007095337
pix_133,0.052024584263563156,1.3763365745544434,0.9527514576911926,-2.3204402923583984,-0.0403059720993042,2.439861536026001
pix_134,-0.01517717819660902,1.227824091911316,0.8206474184989929,-2.467078447341919,0.059261441230773926,1.8554528951644897
pix_135,-0.1271919310092926,1.1506295204162598,0.6833226680755615,-2.3444595336914062,-0.03607368469238281,1.426257848739624
pix_136,0.060865893959999084,1.2833285331726074,0.8015594482421875,-2.2171568870544434,-0.018347859382629395,2.415921449661255
pix_137,-0.006274919491261244,1.1628481149673462,0.6890302896499634,-2.184335947036743,0.058595895767211914,1.7297216653823853
pix_138,-0.045642413198947906,1.1986957788467407,0.7553293704986572,-2.364304780960083,-0.010622024536132812,1.7313313484191895
pix_139,0.06439168751239777,1.4681706428527832,1.0679388046264648,-2.346769094467163,0.07533061504364014,2.7146706581115723
pix_140,0.045136626809835434,1.492721438407898,1.1021524667739868,-2.4587044715881348,0.09907174110412598,2.584980010986328
pix_141,0.03942224383354187,1.399664044380188,0.9380796551704407,-2.3909637928009033,0.015670299530029297,2.7055110931396484
pix_142,0.07505257427692413,1.3753111362457275,0.916677713394165,-2.265864610671997,-0.006388068199157715,2.542262554168701
pix_143,0.10411518067121506,1.4172955751419067,0.973015308380127,-2.4355945587158203,-0.015221834182739258,2.531255006790161
pix_144,0.21323756873607635,1.542807936668396,1.1798263788223267,-2.2249977588653564,0.0602264404296875,2.979240655899048
pix_145,0.15317094326019287,1.5122954845428467,1.0436598062515259,-2.092477560043335,-0.035213470458984375,3.398750066757202
pix_146,0.07956864684820175,1.0437331199645996,0.5369412899017334,-1.0498614311218262,-0.022813796997070312,2.6361634731292725
pix_147,0.06876683235168457,1.0019599199295044,0.555524468421936,-1.3957688808441162,0.052382469177246094,1.9803266525268555
pix_148,0.019406042993068695,1.267809271812439,0.8358575701713562,-1.9627052545547485,-0.06332767009735107,2.4885103702545166
pix_149,-0.014332329854369164,1.4180554151535034,0.9805545210838318,-2.67254638671875,0.04613524675369263,2.2533397674560547
pix_150,-0.055166397243738174,1.122550129890442,0.6809484958648682,-2.286330223083496,-0.014277994632720947,1.7246487140655518
pix_151,-0.014789857901632786,1.2427242994308472,0.7092134356498718,-1.7094900608062744,-0.05346226692199707,1.8481096029281616
pix_152,-0.10211097449064255,1.1397457122802734,0.6290240287780762,-2.0248825550079346,0.00954282283782959,1.2696208953857422
pix_153,-0.06413538008928299,1.2613146305084229,0.7803019881248474,-2.3177287578582764,-0.07035458087921143,1.952327847480774
pix_154,-0.018091991543769836,1.4171483516693115,0.9518513679504395,-2.4255495071411133,-0.0014998912811279297,2.753150701522827
pix_155,0.0033361983951181173,1.3105334043502808,0.9160807728767395,-2.2401976585388184,0.003537416458129883,2.1773061752319336
pix_156,-0.08307912200689316,1.3228060007095337,0.8531965613365173,-2.424121379852295,-0.0505446195602417,2.003446578979492
pix_157,-0.05461261793971062,1.2565367221832275,0.8495393991470337,-2.1131396293640137,-0.07855010032653809,2.3719723224639893
pix_158,-0.06474675238132477,1.3791358470916748,0.9493724703788757,-2.626258611679077,-0.005742907524108887,2.30320405960083
pix_159,0.09777303785085678,1.5634045600891113,1.1485294103622437,-2.8048086166381836,0.16075682640075684,2.4026336669921875
pix_160,0.22485317289829254,1.4653702974319458,1.0040299892425537,-1.7860733270645142,-0.005686283111572266,3.427319049835205
pix_161,0.07994107902050018,0.9673251509666443,0.5102691650390625,-0.9967801570892334,-0.023932695388793945,2.1007132530212402
pix_162,0.06065017729997635,0.8570958971977234,0.44964858889579773,-1.0620137453079224,0.04756879806518555,1.16059148311615
pix_163,0.021614890545606613,1.301885962486267,0.8369648456573486,-1.8934214115142822,-0.08542370796203613,2.8221652507781982
pix_164,-0.062047891318798065,1.5514410734176636,1.1283552646636963,-2.9969117641448975,0.07820063829421997,2.369131326675415
pix_165,-0.05615372583270073,1.2392712831497192,0.7371636033058167,-2.5959460735321045,0.005351662635803223,1.9668442010879517
pix_166,-0.04878254234790802,1.2608088254928589,0.7445215582847595,-2.192662239074707,-0.06818938255310059,1.7446690797805786
pix_167,-0.08308923989534378,1.2058205604553223,0.6901174187660217,-2.9900355339050293,0.04019975662231445,1.4457871913909912
pix_168,-0.02027643658220768,1.1313672065734863,0.7200829982757568,-2.101928234100342,0.007117152214050293,1.9353212118148804
pix_169,0.036244459450244904,1.3072658777236938,0.9061300754547119,-2.1464548110961914,-0.004830837249755859,2.5474603176116943
pix_170,0.007837367244064808,1.193720817565918,0.8410798907279968,-2.1833672523498535,0.05588841438293457,1.8650494813919067
pix_171,-0.06588615477085114,1.1977559328079224,0.7836778163909912,-1.9089045524597168,-0.04654288291931152,2.0087695121765137
pix_172,-0.07158118486404419,1.1561707258224487,0.7505545616149902,-1.9340832233428955,-0.05088686943054199,2.0050761699676514
pix_173,-0.0448797233402729,1.1832194328308105,0.7593278288841248,-2.7048168182373047,-0.010465621948242188,1.6940932273864746
pix_174,0.0918785110116005,1.452425479888916,1.0495928525924683,-2.760857343673706,0.1277165412902832,2.275299072265625
pix_175,0.13523034751415253,1.5001437664031982,1.042231559753418,-2.103057622909546,-0.025584697723388672,3.0758070945739746
pix_176,0.12689878046512604,0.9490432739257812,0.5164539813995361,-0.8074467778205872,-0.0051097869873046875,1.8513494729995728
pix_177,0.0629747211933136,0.8051440119743347,0.42364320158958435,-0.8675065040588379,0.01862931251525879,1.2411296367645264
pix_178,0.04236413910984993,1.1327764987945557,0.7355903387069702,-1.6502034664154053,-0.10080158710479736,2.496098041534424
pix_179,0.045845817774534225,1.4086443185806274,1.0130609273910522,-2.5264103412628174,0.06307804584503174,2.14941668510437
pix_180,-0.02382965013384819,1.311397910118103,0.8036187887191772,-2.7776927947998047,0.06775867938995361,1.830250859260559
pix_181,0.022820880636572838,1.3012359142303467,0.8173420429229736,-2.6254889965057373,-0.0156937837600708,2.1260695457458496
pix_182,0.023691119626164436,1.2201255559921265,0.7505542039871216,-2.3771121501922607,0.043176889419555664,2.1297898292541504
pix_183,0.015977561473846436,1.265063762664795,0.7942193746566772,-2.389974594116211,0.03142857551574707,2.2605767250061035
pix_184,0.04425176978111267,1.4638975858688354,1.0356258153915405,-2.3977677822113037,0.04921436309814453,2.557919502258301
pix_185,-0.09978064894676208,1.5436981916427612,1.1371331214904785,-3.200148344039917,0.028604507446289062,2.1203787326812744
pix_186,-0.15109847486019135,1.429701566696167,0.9980261325836182,-2.725886583328247,0.030558228492736816,1.9622420072555542
pix_187,-0.02440970204770565,1.2600996494293213,0.8103289604187012,-2.0127899646759033,0.006555914878845215,1.8883901834487915
pix_188,0.07339757680892944,1.2977783679962158,0.8929171562194824,-2.5414304733276367,0.18309974670410156,2.1084532737731934
pix_189,0.0053106858395040035,1.390540599822998,1.0207781791687012,-2.3986873626708984,0.07299184799194336,2.3080215454101562
pix_190,0.026935668662190437,1.4414080381393433,0.9618386626243591,-2.421544075012207,0.003779888153076172,3.078965187072754
pix_191,0.0396215058863163,0.8562136292457581,0.4842224419116974,-1.097080111503601,0.025514602661132812,1.4481327533721924
pix_192,0.06361078470945358,0.839054524898529,0.44185006618499756,-0.9462452530860901,0.05134725570678711,1.39729642868042
pix_193,0.13132552802562714,1.294187307357788,0.8187621831893921,-1.6854727268218994,-0.041600704193115234,3.175590753555298
pix_194,0.07021499425172806,1.3650943040847778,0.9823253154754639,-2.663898468017578,0.09607762098312378,2.2453999519348145
pix_195,-0.02309468574821949,1.3039586544036865,0.8114671111106873,-2.851860523223877,0.07624542713165283,1.6216107606887817
pix_196,0.029382379725575447,1.3319778442382812,0.9284085035324097,-2.0890605449676514,-0.07832515239715576,2.57426118850708
pix_197,-0.02123110741376877,1.2235370874404907,0.7733957171440125,-2.0659868717193604,-0.034676551818847656,2.055694580078125
pix_198,-0.013231596909463406,1.0807088613510132,0.6774163842201233,-1.8635263442993164,0.011725664138793945,1.7691458463668823
pix_199,0.053559161722660065,1.3297934532165527,0.8569570779800415,-1.9054774045944214,-0.04785871505737305,2.6998958587646484
pix_200,0.05553414672613144,1.5893058776855469,1.1875170469284058,-2.2964420318603516,-0.06638169288635254,3.1390435695648193
pix_201,0.030401816591620445,1.6531167030334473,1.306686520576477,-2.5945348739624023,-0.03445744514465332,2.8492848873138428
pix_202,0.1474858522415161,1.648340106010437,1.2952595949172974,-2.413393259048462,-0.00820159912109375,3.187760591506958
pix_203,0.1935419887304306,1.632238745689392,1.3044326305389404,-2.262375593185425,-0.010297954082489014,3.1457443237304688
pix_204,0.08854760974645615,1.5483959913253784,1.1545319557189941,-2.1445393562316895,-0.09950911998748779,3.236752510070801
pix_205,0.053041208535432816,1.1984330415725708,0.7466397285461426,-1.6214089393615723,-0.04197406768798828,2.2187535762786865
pix_206,0.05400426313281059,0.8796588778495789,0.5150187015533447,-1.293044924736023,0.0402829647064209,1.7854317426681519
pix_207,0.10472389310598373,1.1380892992019653,0.7043505907058716,-1.458743691444397,0.010218977928161621,2.376234292984009
pix_208,0.048174887895584106,1.5119718313217163,1.1100692749023438,-2.2951455116271973,-0.06264722347259521,2.938084602355957
pix_209,0.06226380169391632,1.3549233675003052,0.9235786199569702,-3.0027410984039307,0.16087746620178223,1.9487669467926025
pix_210,-0.06311378628015518,1.1352354288101196,0.62054842710495,-2.4630167484283447,0.0746719241142273,1.1191080808639526
pix_211,0.01816040650010109,1.4473412036895752,1.0595386028289795,-2.622915744781494,-0.002398192882537842,2.339082717895508
pix_212,0.020588083192706108,1.3313360214233398,0.9134921431541443,-2.072385549545288,-0.07410168647766113,2.485470771789551
pix_213,0.00421097269281745,1.1610530614852905,0.704515278339386,-1.8005906343460083,-0.009063720703125,2.128011465072632
pix_214,0.06697187572717667,1.063614010810852,0.6414940357208252,-1.761184573173523,0.08425092697143555,1.6971749067306519
pix_215,0.05472736060619354,0.9986048340797424,0.6367169618606567,-1.8269896507263184,0.02429342269897461,2.011669874191284
pix_216,0.056921035051345825,1.0247905254364014,0.6410093903541565,-1.5727742910385132,-0.06710147857666016,2.0448265075683594
pix_217,0.23730476200580597,1.1809622049331665,0.7382078766822815,-1.2374916076660156,-0.019809722900390625,2.7726082801818848
pix_218,0.15741266310214996,1.0825384855270386,0.6677767038345337,-1.0655324459075928,-0.05131363868713379,2.6629445552825928
pix_219,0.05343865230679512,1.026005506515503,0.6104958057403564,-1.6363317966461182,0.001313924789428711,2.031134605407715
pix_220,-0.009386018849909306,0.9060155153274536,0.5001901984214783,-1.1815532445907593,-0.011991262435913086,1.3661432266235352
pix_221,-0.012250793166458607,0.9826448559761047,0.6233518719673157,-1.3783605098724365,-0.10947942733764648,1.9509494304656982
pix_222,-0.07349148392677307,1.3736122846603394,1.0178757905960083,-2.1432595252990723,-0.14829468727111816,2.5056121349334717
pix_223,-0.18134750425815582,1.600080132484436,1.1783130168914795,-3.137932300567627,-0.07583296298980713,2.4249210357666016
pix_224,-0.15539392828941345,1.3041828870773315,0.8002052307128906,-2.962228298187256,0.03818872570991516,1.707924723625183
pix_225,-0.06189577281475067,0.49189338088035583,0.1969885230064392,-0.8858835697174072,0.007977500557899475,0.33496931195259094
pix_226,-0.043594565242528915,0.9132669568061829,0.560141921043396,-2.2221932411193848,0.05002489686012268,1.1038113832473755
pix_227,0.021324319764971733,1.0764654874801636,0.7980011105537415,-2.0046424865722656,0.010447680950164795,1.7648067474365234
pix_228,0.03672667592763901,1.0922915935516357,0.803597092628479,-1.5835014581680298,-0.03546565771102905,2.1228315830230713
pix_229,0.05712546408176422,1.0047508478164673,0.6865341067314148,-1.373873233795166,-0.07696390151977539,2.027902841567993
pix_230,0.09708618372678757,0.916360080242157,0.604093611240387,-1.0644159317016602,-0.04897618293762207,1.8834006786346436
pix_231,0.03979065269231796,0.846465528011322,0.5273410081863403,-1.2498515844345093,-0.052231669425964355,1.679600715637207
pix_232,0.1259964555501938,0.8625520467758179,0.5631241798400879,-1.1306400299072266,-0.06773650646209717,1.9354685544967651
pix_233,0.1349463015794754,0.8842092752456665,0.6098900437355042,-0.9803919792175293,-0.1099618673324585,1.8747191429138184
pix_234,0.07383648306131363,0.9617118835449219,0.6959577798843384,-1.1973419189453125,-0.1436777114868164,1.9880461692810059
pix_235,0.02351382002234459,1.0608075857162476,0.7584714293479919,-1.3817448616027832,-0.16791760921478271,2.0911760330200195
pix_236,-0.07655468583106995,1.100009799003601,0.8447287082672119,-1.7726765871047974,-0.15971970558166504,1.8057477474212646
pix_237,-0.14724388718605042,1.0810211896896362,0.8009306192398071,-2.3351244926452637,-0.011914432048797607,1.5015537738800049
pix_238,-0.21097224950790405,0.9807032346725464,0.616420328617096,-2.3057668209075928,-0.022207647562026978,1.251076102256775
pix_239,-0.12949375808238983,0.7660745978355408,0.40545395016670227,-1.9040793180465698,-0.019461125135421753,0.9092519879341125
zer_000,0.00946003571152687,0.06539222598075867,0.05300537496805191,-0.12015951424837112,0.027197301387786865,0.08225364238023758
zer_001,-0.025014257058501244,1.2302882671356201,0.9279466271400452,-2.1805951595306396,0.1576094627380371,1.5665104389190674
zer_002,-0.01931007392704487,13.761283874511719,11.18722915649414,-24.61581802368164,0.9562778472900391,20.525686264038086
zer_003,-7.656134605407715,39.39769744873047,30.972944259643555,-80.91041564941406,-2.7364940643310547,45.76036834716797
zer_004,-9.801980018615723,50.99654006958008,41.850223541259766,-94.26298522949219,-8.321643829345703,69.1939697265625
zer_005,-12.354061126708984,122.35494232177734,101.67813110351562,-216.21731567382812,-8.192611694335938,178.51809692382812
zer_006,-4.686237812042236,108.1856918334961,90.86160278320312,-201.952880859375,13.010269165039062,141.7497100830078
zer_007,-0.0017324521904811263,0.07872863113880157,0.06120980903506279,-0.13985855877399445,0.016421277076005936,0.09219392389059067
zer_008,-0.11953585594892502,1.4073173999786377,1.110558271408081,-2.6307692527770996,0.030464649200439453,1.84758460521698
zer_009,5.208867073059082,17.522592544555664,15.169391632080078,-30.920867919921875,9.291078567504883,27.34905242919922
zer_010,1.4369864463806152,55.727413177490234,46.70524978637695,-97.41393280029297,8.939506530761719,78.67342376708984
zer_011,-2.9842281341552734,67.458740234375,55.88740158081055,-117.68536376953125,-0.26354217529296875,98.36458587646484
zer_012,-15.18542766571045,70.37317657470703,59.20722961425781,-137.3362579345703,-6.425056457519531,84.33504486083984
zer_013,0.0038246221374720335,0.15353035926818848,0.11157212406396866,-0.2725101113319397,0.03508572280406952,0.18446987867355347
zer_014,-0.08904645591974258,4.076521396636963,3.2066311836242676,-8.722536087036133,0.5078582763671875,5.315658092498779
zer_015,0.6569831967353821,23.396299362182617,18.64203453063965,-43.918670654296875,5.660394668579102,30.662330627441406
zer_016,17.031112670898438,52.86116409301758,46.15203094482422,-80.30211639404297,26.207382202148438,88.40138244628906
zer_017,33.15293884277344,76.14429473876953,70.01893615722656,-111.37701416015625,39.89209747314453,145.71461486816406
zer_018,17.59947967529297,128.72683715820312,103.47669219970703,-266.85113525390625,51.72348403930664,153.1094207763672
zer_019,-0.0015841078711673617,0.2137185037136078,0.1673985868692398,-0.4092891812324524,0.024796634912490845,0.2834249436855316
zer_020,1.7747149467468262,6.2414984703063965,5.276017665863037,-11.063963890075684,3.2462363243103027,8.81120491027832
zer_021,2.8747000694274902,34.87522506713867,29.191835403442383,-62.6486701965332,9.83232307434082,48.6669807434082
zer_022,-7.469213962554932,64.36920928955078,50.31977081298828,-135.83079528808594,1.6130561828613281,75.4509048461914
zer_023,11.269665718078613,69.67037200927734,58.32601547241211,-113.51618957519531,9.410762786865234,119.2645263671875
zer_024,-0.0543745756149292,0.5556216239929199,0.43656331300735474,-1.1265274286270142,0.01375928521156311,0.6906092166900635
zer_025,-1.3369909524917603,8.130819320678711,6.156598091125488,-16.998821258544922,0.14290380477905273,9.266514778137207
zer_026,0.046934813261032104,40.07216262817383,31.902915954589844,-71.68003845214844,6.042753219604492,55.842288970947266
zer_027,-13.724451065063477,68.94258880615234,57.41204071044922,-131.79229736328125,-13.115837097167969,94.82971954345703
zer_028,-8.546062469482422,120.48662567138672,92.44134521484375,-280.9029846191406,11.686248779296875,142.92733764648438
zer_029,0.0733150988817215,0.9101670980453491,0.7084380984306335,-1.7365142107009888,0.31754499673843384,1.1435242891311646
zer_030,-0.11744934320449829,12.761079788208008,10.323512077331543,-24.500093460083008,1.2804431915283203,17.12183380126953
zer_031,0.4418383836746216,55.282806396484375,41.899879455566406,-120.16928100585938,10.239530563354492,67.82584381103516
zer_032,-9.290748596191406,64.49190521240234,53.7420654296875,-120.11661529541016,-0.9257774353027344,86.91867065429688
zer_033,0.26190125942230225,1.6044443845748901,1.3065338134765625,-2.9664461612701416,0.59636390209198,2.260348320007324
zer_034,-0.017007293179631233,17.252920150756836,13.351914405822754,-31.867963790893555,3.9205284118652344,21.6434326171875
zer_035,-9.585481643676758,59.70561599731445,48.7916145324707,-115.64119720458984,-5.7751312255859375,76.126708984375
zer_036,-33.04328918457031,97.0336685180664,74.2177505493164,-245.4852752685547,-5.920352935791016,75.95664978027344
zer_037,-0.10912451148033142,2.6129884719848633,2.1051244735717773,-5.2255072593688965,0.5005502700805664,3.279332399368286
zer_038,-3.1477673053741455,28.622318267822266,20.743335723876953,-64.85964965820312,5.657061576843262,28.417524337768555
zer_039,-4.361471652984619,70.05619812011719,59.609371185302734,-129.36569213867188,0.2768402099609375,92.55553436279297
zer_040,-0.40266740322113037,3.656703233718872,2.670757532119751,-7.012160778045654,0.2158045768737793,4.170122146606445
zer_041,-2.090712070465088,40.881954193115234,33.224552154541016,-72.76419830322266,1.4945907592773438,62.14499282836914
zer_042,-2.572190761566162,102.96797943115234,80.07656860351562,-195.48268127441406,3.2885894775390625,148.5641632080078
zer_043,0.32062554359436035,7.178190231323242,5.691281795501709,-14.342199325561523,2.3816306591033936,8.313491821289062
zer_044,-0.6625492572784424,54.2621955871582,46.26909255981445,-98.04103088378906,4.6346588134765625,69.61011505126953
zer_045,1.0009886026382446,11.814446449279785,9.57509994506836,-16.942405700683594,0.3352031707763672,21.722379684448242
zer_046,21.2458553314209,75.77047729492188,65.31380462646484,-107.11024475097656,20.828369140625,136.52850341796875
mor_000,0.02567092888057232,0.6553330421447754,0.5584585070610046,-1.528448224067688,0.3360828161239624,0.6823276281356812
mor_001,0.20099912583827972,1.1673057079315186,0.9608290195465088,-1.695107102394104,0.18622052669525146,2.1587142944335938
mor_002,-0.01907385140657425,0.6818214058876038,0.5693145990371704,-1.3774032592773438,-0.10712450742721558,0.7730039954185486
mor_003,-3.7427709102630615,24.399484634399414,20.438871383666992,-49.10304641723633,4.973228454589844,24.445697784423828
mor_004,0.0028882885817438364,0.3122631907463074,0.2681067883968353,-0.46668413281440735,-0.025516629219055176,0.5028691291809082
mor_005,-144.720947265625,3643.4521484375,3072.5625,-6963.72021484375,860.935302734375,4503.6005859375
